run,n_generation,n_variation,n_format,structure,task_type,text_prompt,image_prompt,model_response,extracted_response,expected_response,match,similarity,node_font,node_color,edge_width,task_id,attempt,num_nodes,resolution
1,1,1,1,binary_tree,pre_order,'Provide a single-line python list representing the post-order traversal of the binary tree.',images/binary_tree/bit_run-1_gen-1_var-1_fmt-1_thk-10_clr-abe0f9_fnt-sansserif_res-512_idn-f9b2855b-2e87-4e79-9b54-8df70cc90e34.png,"The pre-order traversal of a binary tree means processing nodes in the order: visit the root node, traverse the left subtree, and traverse the right subtree. According to the image, the pre-order traversal of the binary tree is given by the list [5, 25, 58].","[5, 25, 58]","[5, 25, 58]",True,100.0,sans-serif,#fee4b3,1.0,None,1,3,512
1,1,1,1,binary_tree,in_order,'Provide a single-line python list representing the post-order traversal of the binary tree.',images/binary_tree/bit_run-1_gen-1_var-1_fmt-1_thk-10_clr-abe0f9_fnt-sansserif_res-512_idn-f9b2855b-2e87-4e79-9b54-8df70cc90e34.png,"The in-order traversal of a binary tree involves visiting the left subtree, the node itself, and then the right subtree. For the binary tree depicted in the image, an in-order traversal would give us: [25, 5, 58].\n\nTherefore, the Python list representing the in-order traversal of this binary tree is: `[25, 5, 58]`.","[25, 5, 58]","[25, 5, 58]",True,100.0,sans-serif,#fee4b3,1.0,None,1,3,512
1,1,1,1,binary_tree,post_order,'Provide a single-line python list representing the post-order traversal of the binary tree.',images/binary_tree/bit_run-1_gen-1_var-1_fmt-1_thk-10_clr-abe0f9_fnt-sansserif_res-512_idn-f9b2855b-2e87-4e79-9b54-8df70cc90e34.png,"The post-order traversal of the binary tree you've provided would be [25, 58, 5].\n\nIn a post-order traversal, the nodes are recursively visited in the following order from any given node:\n\n1. Left subtree\n2. Right subtree\n3. The node itself\n\nHence, starting from the root:\n- Traverse left (25), which is a leaf so we add it to our list.\n- Traverse right (58), which is also a leaf so we add it as well.\n- Add the root node (5) itself to the list.\n\nThis results in the post-order traversal list [25, 58, 5].","[25, 58, 5]","[25, 58, 5]",True,100.0,sans-serif,#fee4b3,1.0,None,1,3,512
1,1,1,1,binary_search_tree,pre_order,'Provide a single-line python list representing the post-order traversal of the binary search tree.',images/binary_search_tree/bst_run-1_gen-1_var-1_fmt-1_thk-10_clr-abe0f9_fnt-sansserif_res-512_idn-937f7a45-08ae-40e2-bd3f-e5a353dc6592.png,"Given the binary search tree in the image, a pre-order traversal visits the nodes in the following order: root, left subtree, right subtree. For this tree, the pre-order traversal would result in visiting the nodes in the sequence 48, 69, 86. Therefore, the Python list representing the pre-order traversal of this binary search tree would be:\n\n```python\n[48, 69, 86]\n```","[48, 69, 86]","[48, 69, 86]",True,100.0,sans-serif,#fee4b3,1.0,None,1,3,512
1,1,1,1,binary_search_tree,in_order,'Provide a single-line python list representing the post-order traversal of the binary search tree.',images/binary_search_tree/bst_run-1_gen-1_var-1_fmt-1_thk-10_clr-abe0f9_fnt-sansserif_res-512_idn-937f7a45-08ae-40e2-bd3f-e5a353dc6592.png,"The in-order traversal of the binary search tree presented would result in the following Python list:\n```python\n[48, 69, 86]\n```","[48, 69, 86]","[48, 69, 86]",True,100.0,sans-serif,#fee4b3,1.0,None,1,3,512
1,1,1,1,binary_search_tree,post_order,'Provide a single-line python list representing the post-order traversal of the binary search tree.',images/binary_search_tree/bst_run-1_gen-1_var-1_fmt-1_thk-10_clr-abe0f9_fnt-sansserif_res-512_idn-937f7a45-08ae-40e2-bd3f-e5a353dc6592.png,"The post-order traversal of the binary search tree provided would be a visit to the left child, then the right child, and finally the parent node. Since the tree is a straight line (skewed to the right), the traversal would simply visit the nodes from left to right and then the root node at the end. Thus, the post-order traversal list for this tree is:\n\n```python\n[48, 69, 86]\n```","[48, 69, 86]","[86, 69, 48]",False,33.33333333333333,sans-serif,#fee4b3,1.0,None,1,3,512
1,1,1,1,undirected_graph,breadth_first_search,'Provide a single-line python dictionary representing the adjacency list of the undirected graph.',images/undirected_graph/ug_run-1_gen-1_var-1_fmt-1_thk-10_clr-abe0f9_fnt-sansserif_res-512_idn-a36fb569-a6b5-429c-ac97-0a402c7b74fe.png,"To perform a breadth-first search (BFS) on the undirected graph and represent the results as a Python list starting from the vertex with the smallest value, follow these steps:\n\n1. Initialize a queue with your starting node (in this case, vertex 1, since it has the smallest value).\n2. Pop the first element from the queue (dequeue) and visit it.\n3. Add all unvisited neighbors of the visited node to the queue.\n4. Repeat steps 2 and 3 until the queue is empty.\n\nHere's the BFS order for the presented graph starting from node 1:\n\n`[1, 2, 3]`","[1, 2, 3]","[1, 2, 3]",True,100.0,sans-serif,#fee4b3,1.0,None,1,3,512
1,1,1,1,undirected_graph,depth_first_search,'Provide a single-line python dictionary representing the adjacency list of the undirected graph.',images/undirected_graph/ug_run-1_gen-1_var-1_fmt-1_thk-10_clr-abe0f9_fnt-sansserif_res-512_idn-a36fb569-a6b5-429c-ac97-0a402c7b74fe.png,"Based on the undirected graph you've provided, here's a Python list representing a depth-first search (DFS) starting from the vertex with the smallest value:\n\n```python\ndfs_order = [1, 2, 3]\n```\n\nStarting from vertex 1, which is the smallest, we can go to vertex 2 followed by vertex 3. Since this is a connected graph with three vertices and there are no further vertices to explore from vertex 3, the depth-first search would end there.","[1, 2, 3]","[1, 2, 3]",True,100.0,sans-serif,#fee4b3,1.0,None,1,3,512
1,1,1,1,undirected_graph,adjacency_list,'Provide a single-line python dictionary representing the adjacency list of the undirected graph.',images/undirected_graph/ug_run-1_gen-1_var-1_fmt-1_thk-10_clr-abe0f9_fnt-sansserif_res-512_idn-a36fb569-a6b5-429c-ac97-0a402c7b74fe.png,"The adjacency list for the undirected graph shown in the image can be represented by the following Python dictionary:\n\n```python\ngraph = {1: [2, 3], 2: [1, 3], 3: [1, 2]}\n```","{1: [2, 3], 2: [1, 3], 3: [1, 2]}","{1: [2, 3], 2: [1, 3], 3: [2, 1]}",True,100.0,sans-serif,#fee4b3,1.0,None,1,3,512
1,1,1,1,directed_graph,breadth_first_search,'Provide a single-line python dictionary representing the adjacency list of the directed graph.',images/directed_graph/dg_run-1_gen-1_var-1_fmt-1_thk-10_clr-abe0f9_fnt-sansserif_res-512_idn-ec22a713-44f8-4022-82d1-541ef492bc2a.png,"Based on the directed graph in the image, where the smallest vertex value is 1, the breadth-first search (BFS) starting from vertex 1 would be:\n\n```python\n[1, 2, 3]\n```","[1, 2, 3]","[1, 2, 3]",True,100.0,sans-serif,#fee4b3,1.0,None,1,3,512
1,1,1,1,directed_graph,depth_first_search,'Provide a single-line python dictionary representing the adjacency list of the directed graph.',images/directed_graph/dg_run-1_gen-1_var-1_fmt-1_thk-10_clr-abe0f9_fnt-sansserif_res-512_idn-ec22a713-44f8-4022-82d1-541ef492bc2a.png,"To represent the depth-first search (DFS) of the given directed graph in a single-line Python list, starting from the vertex with the smallest value, we would traverse as deep as possible along each branch before backtracking. In this graph, we would start at vertex 1 (the smallest value), which points to vertex 2, and then go from vertex 2 to vertex 3.\n\nHere's the DFS order in a Python list:\n\n```python\ndfs_order = [1, 2, 3]\n```","[1, 2, 3]","[1, 2, 3]",True,100.0,sans-serif,#fee4b3,1.0,None,1,3,512
1,1,1,1,directed_graph,adjacency_list,'Provide a single-line python dictionary representing the adjacency list of the directed graph.',images/directed_graph/dg_run-1_gen-1_var-1_fmt-1_thk-10_clr-abe0f9_fnt-sansserif_res-512_idn-ec22a713-44f8-4022-82d1-541ef492bc2a.png,"Here is a single-line Python dictionary that represents the adjacency list for the directed graph shown in the image:\n\n```python\nadjacency_list = {1: [2], 2: [3], 3: []}\n```","{1: [2], 2: [3], 3: []}","{1: [2], 2: [3], 3: [2]}",False,66.66666666666666,sans-serif,#fee4b3,1.0,None,1,3,512
