run_id,generation_id,variation_id,format_id,attempt_id,structure,task,text_prompt,image_prompt,response,predicted,ground_truth,match,similarity,node_font,node_color,node_shape,edge_width,arrow_style,num_nodes,resolution,task_id,image_id
1,1,1,1,1,directed_graph,breadth_first_search,'Provide a single-line python list representing the breadth-first search of the directed graph starting from the vertex with the smallest value.',images/directed_graph/dg-gen_1-var_1-fmt_1-wid_10-col_fee4b3-fnt_sansserif-shp_o-arw_0-res_512-idn_ab31bfdb-065c-4d4a-ba42-c40890cbb89b.png," [3, 2, 1]","[3, 2, 1]","[1, 2, 3]",False,33.33333333333333,sans-serif,#fee4b3,o,1.0,->,3,512,d00317b1-037e-4660-a422-a4cfdf78b207,ab31bfdb-065c-4d4a-ba42-c40890cbb89b
2,1,1,1,2,directed_graph,breadth_first_search,'Provide a single-line python list representing the breadth-first search of the directed graph starting from the vertex with the smallest value.',images/directed_graph/dg-gen_1-var_1-fmt_1-wid_10-col_fee4b3-fnt_sansserif-shp_o-arw_0-res_512-idn_ab31bfdb-065c-4d4a-ba42-c40890cbb89b.png," [3, 2, 1]","[3, 2, 1]","[1, 2, 3]",False,33.33333333333333,sans-serif,#fee4b3,o,1.0,->,3,512,d00317b1-037e-4660-a422-a4cfdf78b207,ab31bfdb-065c-4d4a-ba42-c40890cbb89b
3,1,1,1,3,directed_graph,breadth_first_search,'Provide a single-line python list representing the breadth-first search of the directed graph starting from the vertex with the smallest value.',images/directed_graph/dg-gen_1-var_1-fmt_1-wid_10-col_fee4b3-fnt_sansserif-shp_o-arw_0-res_512-idn_ab31bfdb-065c-4d4a-ba42-c40890cbb89b.png," [3, 2, 1]","[3, 2, 1]","[1, 2, 3]",False,33.33333333333333,sans-serif,#fee4b3,o,1.0,->,3,512,d00317b1-037e-4660-a422-a4cfdf78b207,ab31bfdb-065c-4d4a-ba42-c40890cbb89b
4,1,1,1,2,directed_graph,depth_first_search,'Provide a single-line python list representing the depth-first search of the directed graph starting from the vertex with the smallest value.',images/directed_graph/dg-gen_1-var_1-fmt_1-wid_10-col_fee4b3-fnt_sansserif-shp_o-arw_0-res_512-idn_ab31bfdb-065c-4d4a-ba42-c40890cbb89b.png," [3, 2, 1]","[3, 2, 1]","[1, 2, 3]",False,33.33333333333333,sans-serif,#fee4b3,o,1.0,->,3,512,033f3fa0-da21-4883-b740-589a5d65e257,ab31bfdb-065c-4d4a-ba42-c40890cbb89b
5,1,1,1,1,directed_graph,depth_first_search,'Provide a single-line python list representing the depth-first search of the directed graph starting from the vertex with the smallest value.',images/directed_graph/dg-gen_1-var_1-fmt_1-wid_10-col_fee4b3-fnt_sansserif-shp_o-arw_0-res_512-idn_ab31bfdb-065c-4d4a-ba42-c40890cbb89b.png," [3, 2, 1]","[3, 2, 1]","[1, 2, 3]",False,33.33333333333333,sans-serif,#fee4b3,o,1.0,->,3,512,033f3fa0-da21-4883-b740-589a5d65e257,ab31bfdb-065c-4d4a-ba42-c40890cbb89b
6,1,1,1,1,directed_graph,adjacency_list,'Provide a single-line python dictionary representing the adjacency list of the directed graph.',images/directed_graph/dg-gen_1-var_1-fmt_1-wid_10-col_fee4b3-fnt_sansserif-shp_o-arw_0-res_512-idn_ab31bfdb-065c-4d4a-ba42-c40890cbb89b.png," ```pythongraph = {1: [2], 2: [3], 3: []}```","{1: [2], 2: [3], 3: []}","{1: [2], 2: [3, 1], 3: []}",False,83.33333333333334,sans-serif,#fee4b3,o,1.0,->,3,512,9bff1849-7f6e-4833-81eb-e942497cddc1,ab31bfdb-065c-4d4a-ba42-c40890cbb89b
7,1,1,1,3,directed_graph,depth_first_search,'Provide a single-line python list representing the depth-first search of the directed graph starting from the vertex with the smallest value.',images/directed_graph/dg-gen_1-var_1-fmt_1-wid_10-col_fee4b3-fnt_sansserif-shp_o-arw_0-res_512-idn_ab31bfdb-065c-4d4a-ba42-c40890cbb89b.png," [3, 2, 1]","[3, 2, 1]","[1, 2, 3]",False,33.33333333333333,sans-serif,#fee4b3,o,1.0,->,3,512,033f3fa0-da21-4883-b740-589a5d65e257,ab31bfdb-065c-4d4a-ba42-c40890cbb89b
8,1,1,1,2,directed_graph,adjacency_list,'Provide a single-line python dictionary representing the adjacency list of the directed graph.',images/directed_graph/dg-gen_1-var_1-fmt_1-wid_10-col_fee4b3-fnt_sansserif-shp_o-arw_0-res_512-idn_ab31bfdb-065c-4d4a-ba42-c40890cbb89b.png," ```python{1: [2], 2: [3]}```","{1: [2], 2: [3]}","{1: [2], 2: [3, 1], 3: []}",False,83.33333333333334,sans-serif,#fee4b3,o,1.0,->,3,512,9bff1849-7f6e-4833-81eb-e942497cddc1,ab31bfdb-065c-4d4a-ba42-c40890cbb89b
9,1,1,1,3,directed_graph,adjacency_list,'Provide a single-line python dictionary representing the adjacency list of the directed graph.',images/directed_graph/dg-gen_1-var_1-fmt_1-wid_10-col_fee4b3-fnt_sansserif-shp_o-arw_0-res_512-idn_ab31bfdb-065c-4d4a-ba42-c40890cbb89b.png," ```python{1: [2], 2: [3]}```","{1: [2], 2: [3]}","{1: [2], 2: [3, 1], 3: []}",False,83.33333333333334,sans-serif,#fee4b3,o,1.0,->,3,512,9bff1849-7f6e-4833-81eb-e942497cddc1,ab31bfdb-065c-4d4a-ba42-c40890cbb89b
10,1,1,1,1,directed_graph,breadth_first_search,'Provide a single-line python list representing the breadth-first search of the directed graph starting from the vertex with the smallest value.',images/directed_graph/dg-gen_1-var_1-fmt_1-wid_10-col_fee4b3-fnt_sansserif-shp_o-arw_1-res_512-idn_bcb98f19-13aa-4c0b-9acd-023bbf493869.png," [3, 2, 1]","[3, 2, 1]","[1, 2, 3]",False,33.33333333333333,sans-serif,#fee4b3,o,1.0,-|>,3,512,c422a774-fb35-4da5-bb7f-2d4c13b5dc4a,bcb98f19-13aa-4c0b-9acd-023bbf493869
11,1,1,1,2,directed_graph,breadth_first_search,'Provide a single-line python list representing the breadth-first search of the directed graph starting from the vertex with the smallest value.',images/directed_graph/dg-gen_1-var_1-fmt_1-wid_10-col_fee4b3-fnt_sansserif-shp_o-arw_1-res_512-idn_bcb98f19-13aa-4c0b-9acd-023bbf493869.png," [3, 2, 1]","[3, 2, 1]","[1, 2, 3]",False,33.33333333333333,sans-serif,#fee4b3,o,1.0,-|>,3,512,c422a774-fb35-4da5-bb7f-2d4c13b5dc4a,bcb98f19-13aa-4c0b-9acd-023bbf493869
12,1,1,1,3,directed_graph,breadth_first_search,'Provide a single-line python list representing the breadth-first search of the directed graph starting from the vertex with the smallest value.',images/directed_graph/dg-gen_1-var_1-fmt_1-wid_10-col_fee4b3-fnt_sansserif-shp_o-arw_1-res_512-idn_bcb98f19-13aa-4c0b-9acd-023bbf493869.png," [3, 2, 1]","[3, 2, 1]","[1, 2, 3]",False,33.33333333333333,sans-serif,#fee4b3,o,1.0,-|>,3,512,c422a774-fb35-4da5-bb7f-2d4c13b5dc4a,bcb98f19-13aa-4c0b-9acd-023bbf493869
13,1,1,1,1,directed_graph,depth_first_search,'Provide a single-line python list representing the depth-first search of the directed graph starting from the vertex with the smallest value.',images/directed_graph/dg-gen_1-var_1-fmt_1-wid_10-col_fee4b3-fnt_sansserif-shp_o-arw_1-res_512-idn_bcb98f19-13aa-4c0b-9acd-023bbf493869.png," [3, 2, 1]","[3, 2, 1]","[1, 2, 3]",False,33.33333333333333,sans-serif,#fee4b3,o,1.0,-|>,3,512,3caf5f03-93f9-4971-8de4-293be4c5c3dc,bcb98f19-13aa-4c0b-9acd-023bbf493869
14,1,1,1,3,directed_graph,depth_first_search,'Provide a single-line python list representing the depth-first search of the directed graph starting from the vertex with the smallest value.',images/directed_graph/dg-gen_1-var_1-fmt_1-wid_10-col_fee4b3-fnt_sansserif-shp_o-arw_1-res_512-idn_bcb98f19-13aa-4c0b-9acd-023bbf493869.png," [3, 2, 1]","[3, 2, 1]","[1, 2, 3]",False,33.33333333333333,sans-serif,#fee4b3,o,1.0,-|>,3,512,3caf5f03-93f9-4971-8de4-293be4c5c3dc,bcb98f19-13aa-4c0b-9acd-023bbf493869
15,1,1,1,2,directed_graph,depth_first_search,'Provide a single-line python list representing the depth-first search of the directed graph starting from the vertex with the smallest value.',images/directed_graph/dg-gen_1-var_1-fmt_1-wid_10-col_fee4b3-fnt_sansserif-shp_o-arw_1-res_512-idn_bcb98f19-13aa-4c0b-9acd-023bbf493869.png," [3, 2, 1]","[3, 2, 1]","[1, 2, 3]",False,33.33333333333333,sans-serif,#fee4b3,o,1.0,-|>,3,512,3caf5f03-93f9-4971-8de4-293be4c5c3dc,bcb98f19-13aa-4c0b-9acd-023bbf493869
16,1,1,1,2,directed_graph,adjacency_list,'Provide a single-line python dictionary representing the adjacency list of the directed graph.',images/directed_graph/dg-gen_1-var_1-fmt_1-wid_10-col_fee4b3-fnt_sansserif-shp_o-arw_1-res_512-idn_bcb98f19-13aa-4c0b-9acd-023bbf493869.png," ```pythongraph = {1: [2], 2: [3], 3: []}```","{1: [2], 2: [3], 3: []}","{1: [2], 2: [3, 1], 3: []}",False,83.33333333333334,sans-serif,#fee4b3,o,1.0,-|>,3,512,5b02f435-8e37-441b-898e-e88fc7b19e37,bcb98f19-13aa-4c0b-9acd-023bbf493869
17,1,1,1,1,directed_graph,adjacency_list,'Provide a single-line python dictionary representing the adjacency list of the directed graph.',images/directed_graph/dg-gen_1-var_1-fmt_1-wid_10-col_fee4b3-fnt_sansserif-shp_o-arw_1-res_512-idn_bcb98f19-13aa-4c0b-9acd-023bbf493869.png," ```pythongraph = {1: [2], 2: [3], 3: []}```","{1: [2], 2: [3], 3: []}","{1: [2], 2: [3, 1], 3: []}",False,83.33333333333334,sans-serif,#fee4b3,o,1.0,-|>,3,512,5b02f435-8e37-441b-898e-e88fc7b19e37,bcb98f19-13aa-4c0b-9acd-023bbf493869
18,1,1,1,3,directed_graph,adjacency_list,'Provide a single-line python dictionary representing the adjacency list of the directed graph.',images/directed_graph/dg-gen_1-var_1-fmt_1-wid_10-col_fee4b3-fnt_sansserif-shp_o-arw_1-res_512-idn_bcb98f19-13aa-4c0b-9acd-023bbf493869.png," ```pythongraph = {1: [2], 2: [3], 3: []}```","{1: [2], 2: [3], 3: []}","{1: [2], 2: [3, 1], 3: []}",False,83.33333333333334,sans-serif,#fee4b3,o,1.0,-|>,3,512,5b02f435-8e37-441b-898e-e88fc7b19e37,bcb98f19-13aa-4c0b-9acd-023bbf493869
19,2,1,1,1,directed_graph,breadth_first_search,'Provide a single-line python list representing the breadth-first search of the directed graph starting from the vertex with the smallest value.',images/directed_graph/dg-gen_2-var_1-fmt_1-wid_10-col_fee4b3-fnt_sansserif-shp_o-arw_0-res_512-idn_b3b9d349-3e1a-4dc4-8420-cf56844f8317.png," [3, 4, 2, 1]","[3, 4, 2, 1]","[1, 2, 4, 3]",False,0.0,sans-serif,#fee4b3,o,1.0,->,4,512,ec2596a3-6c0d-4aba-a766-c4028e150193,b3b9d349-3e1a-4dc4-8420-cf56844f8317
20,2,1,1,2,directed_graph,breadth_first_search,'Provide a single-line python list representing the breadth-first search of the directed graph starting from the vertex with the smallest value.',images/directed_graph/dg-gen_2-var_1-fmt_1-wid_10-col_fee4b3-fnt_sansserif-shp_o-arw_0-res_512-idn_b3b9d349-3e1a-4dc4-8420-cf56844f8317.png," [3, 4, 2, 1]","[3, 4, 2, 1]","[1, 2, 4, 3]",False,0.0,sans-serif,#fee4b3,o,1.0,->,4,512,ec2596a3-6c0d-4aba-a766-c4028e150193,b3b9d349-3e1a-4dc4-8420-cf56844f8317
21,2,1,1,1,directed_graph,depth_first_search,'Provide a single-line python list representing the depth-first search of the directed graph starting from the vertex with the smallest value.',images/directed_graph/dg-gen_2-var_1-fmt_1-wid_10-col_fee4b3-fnt_sansserif-shp_o-arw_0-res_512-idn_b3b9d349-3e1a-4dc4-8420-cf56844f8317.png," [3, 4, 1, 2]","[3, 4, 1, 2]","[1, 2, 3, 4]",False,0.0,sans-serif,#fee4b3,o,1.0,->,4,512,f2e514ae-27db-4a6d-9e8f-52f9086d11b4,b3b9d349-3e1a-4dc4-8420-cf56844f8317
22,2,1,1,3,directed_graph,breadth_first_search,'Provide a single-line python list representing the breadth-first search of the directed graph starting from the vertex with the smallest value.',images/directed_graph/dg-gen_2-var_1-fmt_1-wid_10-col_fee4b3-fnt_sansserif-shp_o-arw_0-res_512-idn_b3b9d349-3e1a-4dc4-8420-cf56844f8317.png," [3, 4, 2, 1]","[3, 4, 2, 1]","[1, 2, 4, 3]",False,0.0,sans-serif,#fee4b3,o,1.0,->,4,512,ec2596a3-6c0d-4aba-a766-c4028e150193,b3b9d349-3e1a-4dc4-8420-cf56844f8317
23,2,1,1,2,directed_graph,depth_first_search,'Provide a single-line python list representing the depth-first search of the directed graph starting from the vertex with the smallest value.',images/directed_graph/dg-gen_2-var_1-fmt_1-wid_10-col_fee4b3-fnt_sansserif-shp_o-arw_0-res_512-idn_b3b9d349-3e1a-4dc4-8420-cf56844f8317.png," [3, 4, 1, 2]","[3, 4, 1, 2]","[1, 2, 3, 4]",False,0.0,sans-serif,#fee4b3,o,1.0,->,4,512,f2e514ae-27db-4a6d-9e8f-52f9086d11b4,b3b9d349-3e1a-4dc4-8420-cf56844f8317
24,2,1,1,3,directed_graph,depth_first_search,'Provide a single-line python list representing the depth-first search of the directed graph starting from the vertex with the smallest value.',images/directed_graph/dg-gen_2-var_1-fmt_1-wid_10-col_fee4b3-fnt_sansserif-shp_o-arw_0-res_512-idn_b3b9d349-3e1a-4dc4-8420-cf56844f8317.png," [3, 4, 1, 2]","[3, 4, 1, 2]","[1, 2, 3, 4]",False,0.0,sans-serif,#fee4b3,o,1.0,->,4,512,f2e514ae-27db-4a6d-9e8f-52f9086d11b4,b3b9d349-3e1a-4dc4-8420-cf56844f8317
25,2,1,1,1,directed_graph,adjacency_list,'Provide a single-line python dictionary representing the adjacency list of the directed graph.',images/directed_graph/dg-gen_2-var_1-fmt_1-wid_10-col_fee4b3-fnt_sansserif-shp_o-arw_0-res_512-idn_b3b9d349-3e1a-4dc4-8420-cf56844f8317.png," ```pythongraph = {1: [2], 2: [3], 3: [4], 4: [1, 2]}```","{1: [2], 2: [3], 3: [4], 4: [1, 2]}","{1: [2, 4], 2: [3], 3: [4, 2], 4: [2]}",False,62.5,sans-serif,#fee4b3,o,1.0,->,4,512,60937ec9-ba47-4fbe-9d8b-5c1daf64b246,b3b9d349-3e1a-4dc4-8420-cf56844f8317
26,2,1,1,2,directed_graph,adjacency_list,'Provide a single-line python dictionary representing the adjacency list of the directed graph.',images/directed_graph/dg-gen_2-var_1-fmt_1-wid_10-col_fee4b3-fnt_sansserif-shp_o-arw_0-res_512-idn_b3b9d349-3e1a-4dc4-8420-cf56844f8317.png," ```pythongraph = {1: [2], 2: [3], 3: [4], 4: [1, 2]}```","{1: [2], 2: [3], 3: [4], 4: [1, 2]}","{1: [2, 4], 2: [3], 3: [4, 2], 4: [2]}",False,62.5,sans-serif,#fee4b3,o,1.0,->,4,512,60937ec9-ba47-4fbe-9d8b-5c1daf64b246,b3b9d349-3e1a-4dc4-8420-cf56844f8317
27,2,1,1,3,directed_graph,adjacency_list,'Provide a single-line python dictionary representing the adjacency list of the directed graph.',images/directed_graph/dg-gen_2-var_1-fmt_1-wid_10-col_fee4b3-fnt_sansserif-shp_o-arw_0-res_512-idn_b3b9d349-3e1a-4dc4-8420-cf56844f8317.png," ```pythongraph = {1: [2], 2: [3], 3: [4], 4: [1, 2]}```","{1: [2], 2: [3], 3: [4], 4: [1, 2]}","{1: [2, 4], 2: [3], 3: [4, 2], 4: [2]}",False,62.5,sans-serif,#fee4b3,o,1.0,->,4,512,60937ec9-ba47-4fbe-9d8b-5c1daf64b246,b3b9d349-3e1a-4dc4-8420-cf56844f8317
28,2,1,1,1,directed_graph,breadth_first_search,'Provide a single-line python list representing the breadth-first search of the directed graph starting from the vertex with the smallest value.',images/directed_graph/dg-gen_2-var_1-fmt_1-wid_10-col_fee4b3-fnt_sansserif-shp_o-arw_1-res_512-idn_fd81fdad-acb3-4b02-9f4d-b535435bc882.png," [2, 3, 4, 1]","[2, 3, 4, 1]","[1, 2, 4, 3]",False,25.0,sans-serif,#fee4b3,o,1.0,-|>,4,512,6280ac9f-1e2b-4fda-b7e5-b050c6425898,fd81fdad-acb3-4b02-9f4d-b535435bc882
29,2,1,1,2,directed_graph,breadth_first_search,'Provide a single-line python list representing the breadth-first search of the directed graph starting from the vertex with the smallest value.',images/directed_graph/dg-gen_2-var_1-fmt_1-wid_10-col_fee4b3-fnt_sansserif-shp_o-arw_1-res_512-idn_fd81fdad-acb3-4b02-9f4d-b535435bc882.png," [2, 3, 4, 1]","[2, 3, 4, 1]","[1, 2, 4, 3]",False,25.0,sans-serif,#fee4b3,o,1.0,-|>,4,512,6280ac9f-1e2b-4fda-b7e5-b050c6425898,fd81fdad-acb3-4b02-9f4d-b535435bc882
30,2,1,1,3,directed_graph,breadth_first_search,'Provide a single-line python list representing the breadth-first search of the directed graph starting from the vertex with the smallest value.',images/directed_graph/dg-gen_2-var_1-fmt_1-wid_10-col_fee4b3-fnt_sansserif-shp_o-arw_1-res_512-idn_fd81fdad-acb3-4b02-9f4d-b535435bc882.png," [3, 2, 4, 1]","[3, 2, 4, 1]","[1, 2, 4, 3]",False,50.0,sans-serif,#fee4b3,o,1.0,-|>,4,512,6280ac9f-1e2b-4fda-b7e5-b050c6425898,fd81fdad-acb3-4b02-9f4d-b535435bc882
31,2,1,1,1,directed_graph,depth_first_search,'Provide a single-line python list representing the depth-first search of the directed graph starting from the vertex with the smallest value.',images/directed_graph/dg-gen_2-var_1-fmt_1-wid_10-col_fee4b3-fnt_sansserif-shp_o-arw_1-res_512-idn_fd81fdad-acb3-4b02-9f4d-b535435bc882.png," [3, 4, 1, 2]","[3, 4, 1, 2]","[1, 2, 3, 4]",False,0.0,sans-serif,#fee4b3,o,1.0,-|>,4,512,6e7b18a9-57ac-4c08-b2f0-bd8fdb2ca02e,fd81fdad-acb3-4b02-9f4d-b535435bc882
32,2,1,1,3,directed_graph,depth_first_search,'Provide a single-line python list representing the depth-first search of the directed graph starting from the vertex with the smallest value.',images/directed_graph/dg-gen_2-var_1-fmt_1-wid_10-col_fee4b3-fnt_sansserif-shp_o-arw_1-res_512-idn_fd81fdad-acb3-4b02-9f4d-b535435bc882.png," [3, 4, 1, 2]","[3, 4, 1, 2]","[1, 2, 3, 4]",False,0.0,sans-serif,#fee4b3,o,1.0,-|>,4,512,6e7b18a9-57ac-4c08-b2f0-bd8fdb2ca02e,fd81fdad-acb3-4b02-9f4d-b535435bc882
33,2,1,1,2,directed_graph,depth_first_search,'Provide a single-line python list representing the depth-first search of the directed graph starting from the vertex with the smallest value.',images/directed_graph/dg-gen_2-var_1-fmt_1-wid_10-col_fee4b3-fnt_sansserif-shp_o-arw_1-res_512-idn_fd81fdad-acb3-4b02-9f4d-b535435bc882.png," [2, 1, 4, 3]","[2, 1, 4, 3]","[1, 2, 3, 4]",False,25.0,sans-serif,#fee4b3,o,1.0,-|>,4,512,6e7b18a9-57ac-4c08-b2f0-bd8fdb2ca02e,fd81fdad-acb3-4b02-9f4d-b535435bc882
34,2,1,1,1,directed_graph,adjacency_list,'Provide a single-line python dictionary representing the adjacency list of the directed graph.',images/directed_graph/dg-gen_2-var_1-fmt_1-wid_10-col_fee4b3-fnt_sansserif-shp_o-arw_1-res_512-idn_fd81fdad-acb3-4b02-9f4d-b535435bc882.png," ```pythongraph = {1: [2], 2: [3], 3: [4], 4: [1, 2]}```","{1: [2], 2: [3], 3: [4], 4: [1, 2]}","{1: [2, 4], 2: [3], 3: [4, 2], 4: [2]}",False,62.5,sans-serif,#fee4b3,o,1.0,-|>,4,512,a08aa193-2246-41d6-b12e-22f610636d86,fd81fdad-acb3-4b02-9f4d-b535435bc882
35,2,1,1,2,directed_graph,adjacency_list,'Provide a single-line python dictionary representing the adjacency list of the directed graph.',images/directed_graph/dg-gen_2-var_1-fmt_1-wid_10-col_fee4b3-fnt_sansserif-shp_o-arw_1-res_512-idn_fd81fdad-acb3-4b02-9f4d-b535435bc882.png," ```pythongraph = {1: [2], 2: [3], 3: [4], 4: [1, 2]}```","{1: [2], 2: [3], 3: [4], 4: [1, 2]}","{1: [2, 4], 2: [3], 3: [4, 2], 4: [2]}",False,62.5,sans-serif,#fee4b3,o,1.0,-|>,4,512,a08aa193-2246-41d6-b12e-22f610636d86,fd81fdad-acb3-4b02-9f4d-b535435bc882
36,2,1,1,3,directed_graph,adjacency_list,'Provide a single-line python dictionary representing the adjacency list of the directed graph.',images/directed_graph/dg-gen_2-var_1-fmt_1-wid_10-col_fee4b3-fnt_sansserif-shp_o-arw_1-res_512-idn_fd81fdad-acb3-4b02-9f4d-b535435bc882.png," ```pythongraph = {1: [2], 2: [3], 3: [4], 4: [1, 2]}```","{1: [2], 2: [3], 3: [4], 4: [1, 2]}","{1: [2, 4], 2: [3], 3: [4, 2], 4: [2]}",False,62.5,sans-serif,#fee4b3,o,1.0,-|>,4,512,a08aa193-2246-41d6-b12e-22f610636d86,fd81fdad-acb3-4b02-9f4d-b535435bc882
37,3,1,1,1,directed_graph,breadth_first_search,'Provide a single-line python list representing the breadth-first search of the directed graph starting from the vertex with the smallest value.',images/directed_graph/dg-gen_3-var_1-fmt_1-wid_10-col_fee4b3-fnt_sansserif-shp_o-arw_0-res_512-idn_476749cf-591d-4fa4-ba17-af12b1163a8b.png," [2, 3, 1, 5, 4]","[2, 3, 1, 5, 4]","[1, 2, 3, 5, 4]",False,60.0,sans-serif,#fee4b3,o,1.0,->,5,512,27611e58-6cb5-43a4-a46d-573e187e069d,476749cf-591d-4fa4-ba17-af12b1163a8b
38,3,1,1,2,directed_graph,breadth_first_search,'Provide a single-line python list representing the breadth-first search of the directed graph starting from the vertex with the smallest value.',images/directed_graph/dg-gen_3-var_1-fmt_1-wid_10-col_fee4b3-fnt_sansserif-shp_o-arw_0-res_512-idn_476749cf-591d-4fa4-ba17-af12b1163a8b.png," [2, 3, 1, 4, 5]","[2, 3, 1, 4, 5]","[1, 2, 3, 5, 4]",False,40.0,sans-serif,#fee4b3,o,1.0,->,5,512,27611e58-6cb5-43a4-a46d-573e187e069d,476749cf-591d-4fa4-ba17-af12b1163a8b
39,3,1,1,3,directed_graph,breadth_first_search,'Provide a single-line python list representing the breadth-first search of the directed graph starting from the vertex with the smallest value.',images/directed_graph/dg-gen_3-var_1-fmt_1-wid_10-col_fee4b3-fnt_sansserif-shp_o-arw_0-res_512-idn_476749cf-591d-4fa4-ba17-af12b1163a8b.png," [2, 3, 1, 5, 4]","[2, 3, 1, 5, 4]","[1, 2, 3, 5, 4]",False,60.0,sans-serif,#fee4b3,o,1.0,->,5,512,27611e58-6cb5-43a4-a46d-573e187e069d,476749cf-591d-4fa4-ba17-af12b1163a8b
40,3,1,1,1,directed_graph,depth_first_search,'Provide a single-line python list representing the depth-first search of the directed graph starting from the vertex with the smallest value.',images/directed_graph/dg-gen_3-var_1-fmt_1-wid_10-col_fee4b3-fnt_sansserif-shp_o-arw_0-res_512-idn_476749cf-591d-4fa4-ba17-af12b1163a8b.png," [2, 3, 4, 5, 1]","[2, 3, 4, 5, 1]","[1, 2, 3, 4, 5]",False,60.0,sans-serif,#fee4b3,o,1.0,->,5,512,8c694525-3788-4b99-812b-664dbc08d3ae,476749cf-591d-4fa4-ba17-af12b1163a8b
41,3,1,1,2,directed_graph,depth_first_search,'Provide a single-line python list representing the depth-first search of the directed graph starting from the vertex with the smallest value.',images/directed_graph/dg-gen_3-var_1-fmt_1-wid_10-col_fee4b3-fnt_sansserif-shp_o-arw_0-res_512-idn_476749cf-591d-4fa4-ba17-af12b1163a8b.png," [2, 3, 4, 5, 1]","[2, 3, 4, 5, 1]","[1, 2, 3, 4, 5]",False,60.0,sans-serif,#fee4b3,o,1.0,->,5,512,8c694525-3788-4b99-812b-664dbc08d3ae,476749cf-591d-4fa4-ba17-af12b1163a8b
42,3,1,1,3,directed_graph,depth_first_search,'Provide a single-line python list representing the depth-first search of the directed graph starting from the vertex with the smallest value.',images/directed_graph/dg-gen_3-var_1-fmt_1-wid_10-col_fee4b3-fnt_sansserif-shp_o-arw_0-res_512-idn_476749cf-591d-4fa4-ba17-af12b1163a8b.png," [2, 3, 4, 5, 1]","[2, 3, 4, 5, 1]","[1, 2, 3, 4, 5]",False,60.0,sans-serif,#fee4b3,o,1.0,->,5,512,8c694525-3788-4b99-812b-664dbc08d3ae,476749cf-591d-4fa4-ba17-af12b1163a8b
43,3,1,1,1,directed_graph,adjacency_list,'Provide a single-line python dictionary representing the adjacency list of the directed graph.',images/directed_graph/dg-gen_3-var_1-fmt_1-wid_10-col_fee4b3-fnt_sansserif-shp_o-arw_0-res_512-idn_476749cf-591d-4fa4-ba17-af12b1163a8b.png," ```pythongraph = {1: [2], 2: [1, 3, 5], 3: [4], 4: [5], 5: []}```","{1: [2], 2: [1, 3, 5], 3: [4], 4: [5], 5: []}","{1: [2], 2: [3, 5, 1], 3: [4], 4: [5], 5: [4]}",False,80.0,sans-serif,#fee4b3,o,1.0,->,5,512,a2b02d5a-2d1c-43e3-b001-74c3a9d6f6ea,476749cf-591d-4fa4-ba17-af12b1163a8b
44,3,1,1,2,directed_graph,adjacency_list,'Provide a single-line python dictionary representing the adjacency list of the directed graph.',images/directed_graph/dg-gen_3-var_1-fmt_1-wid_10-col_fee4b3-fnt_sansserif-shp_o-arw_0-res_512-idn_476749cf-591d-4fa4-ba17-af12b1163a8b.png," ```pythongraph = {1: [2], 2: [1, 3, 5], 3: [4], 4: [5], 5: []}```","{1: [2], 2: [1, 3, 5], 3: [4], 4: [5], 5: []}","{1: [2], 2: [3, 5, 1], 3: [4], 4: [5], 5: [4]}",False,80.0,sans-serif,#fee4b3,o,1.0,->,5,512,a2b02d5a-2d1c-43e3-b001-74c3a9d6f6ea,476749cf-591d-4fa4-ba17-af12b1163a8b
45,3,1,1,3,directed_graph,adjacency_list,'Provide a single-line python dictionary representing the adjacency list of the directed graph.',images/directed_graph/dg-gen_3-var_1-fmt_1-wid_10-col_fee4b3-fnt_sansserif-shp_o-arw_0-res_512-idn_476749cf-591d-4fa4-ba17-af12b1163a8b.png," ```pythongraph = {1: [2], 2: [3, 5], 3: [4], 4: [5]}```","{1: [2], 2: [3, 5], 3: [4], 4: [5]}","{1: [2], 2: [3, 5, 1], 3: [4], 4: [5], 5: [4]}",False,73.33333333333333,sans-serif,#fee4b3,o,1.0,->,5,512,a2b02d5a-2d1c-43e3-b001-74c3a9d6f6ea,476749cf-591d-4fa4-ba17-af12b1163a8b
46,3,1,1,1,directed_graph,breadth_first_search,'Provide a single-line python list representing the breadth-first search of the directed graph starting from the vertex with the smallest value.',images/directed_graph/dg-gen_3-var_1-fmt_1-wid_10-col_fee4b3-fnt_sansserif-shp_o-arw_1-res_512-idn_46ebd7e3-786c-4aed-b244-c8fd2901e6bd.png," [2, 3, 1, 5, 4]","[2, 3, 1, 5, 4]","[1, 2, 3, 5, 4]",False,60.0,sans-serif,#fee4b3,o,1.0,-|>,5,512,da122d8a-9fac-426b-b3ee-299e5dd4b994,46ebd7e3-786c-4aed-b244-c8fd2901e6bd
47,3,1,1,2,directed_graph,breadth_first_search,'Provide a single-line python list representing the breadth-first search of the directed graph starting from the vertex with the smallest value.',images/directed_graph/dg-gen_3-var_1-fmt_1-wid_10-col_fee4b3-fnt_sansserif-shp_o-arw_1-res_512-idn_46ebd7e3-786c-4aed-b244-c8fd2901e6bd.png," [1, 2, 3, 4, 5]","[1, 2, 3, 4, 5]","[1, 2, 3, 5, 4]",False,60.0,sans-serif,#fee4b3,o,1.0,-|>,5,512,da122d8a-9fac-426b-b3ee-299e5dd4b994,46ebd7e3-786c-4aed-b244-c8fd2901e6bd
48,3,1,1,3,directed_graph,breadth_first_search,'Provide a single-line python list representing the breadth-first search of the directed graph starting from the vertex with the smallest value.',images/directed_graph/dg-gen_3-var_1-fmt_1-wid_10-col_fee4b3-fnt_sansserif-shp_o-arw_1-res_512-idn_46ebd7e3-786c-4aed-b244-c8fd2901e6bd.png," [2, 3, 1, 5, 4]","[2, 3, 1, 5, 4]","[1, 2, 3, 5, 4]",False,60.0,sans-serif,#fee4b3,o,1.0,-|>,5,512,da122d8a-9fac-426b-b3ee-299e5dd4b994,46ebd7e3-786c-4aed-b244-c8fd2901e6bd
49,3,1,1,1,directed_graph,depth_first_search,'Provide a single-line python list representing the depth-first search of the directed graph starting from the vertex with the smallest value.',images/directed_graph/dg-gen_3-var_1-fmt_1-wid_10-col_fee4b3-fnt_sansserif-shp_o-arw_1-res_512-idn_46ebd7e3-786c-4aed-b244-c8fd2901e6bd.png," [1, 2, 3, 4, 5]","[1, 2, 3, 4, 5]","[1, 2, 3, 4, 5]",True,100.0,sans-serif,#fee4b3,o,1.0,-|>,5,512,9155a537-2570-41a2-aa2e-c87a6890059a,46ebd7e3-786c-4aed-b244-c8fd2901e6bd
50,3,1,1,2,directed_graph,depth_first_search,'Provide a single-line python list representing the depth-first search of the directed graph starting from the vertex with the smallest value.',images/directed_graph/dg-gen_3-var_1-fmt_1-wid_10-col_fee4b3-fnt_sansserif-shp_o-arw_1-res_512-idn_46ebd7e3-786c-4aed-b244-c8fd2901e6bd.png," [1, 2, 3, 4, 5]","[1, 2, 3, 4, 5]","[1, 2, 3, 4, 5]",True,100.0,sans-serif,#fee4b3,o,1.0,-|>,5,512,9155a537-2570-41a2-aa2e-c87a6890059a,46ebd7e3-786c-4aed-b244-c8fd2901e6bd
51,3,1,1,3,directed_graph,depth_first_search,'Provide a single-line python list representing the depth-first search of the directed graph starting from the vertex with the smallest value.',images/directed_graph/dg-gen_3-var_1-fmt_1-wid_10-col_fee4b3-fnt_sansserif-shp_o-arw_1-res_512-idn_46ebd7e3-786c-4aed-b244-c8fd2901e6bd.png," [1, 2, 5, 4, 3]","[1, 2, 5, 4, 3]","[1, 2, 3, 4, 5]",False,60.0,sans-serif,#fee4b3,o,1.0,-|>,5,512,9155a537-2570-41a2-aa2e-c87a6890059a,46ebd7e3-786c-4aed-b244-c8fd2901e6bd
52,3,1,1,1,directed_graph,adjacency_list,'Provide a single-line python dictionary representing the adjacency list of the directed graph.',images/directed_graph/dg-gen_3-var_1-fmt_1-wid_10-col_fee4b3-fnt_sansserif-shp_o-arw_1-res_512-idn_46ebd7e3-786c-4aed-b244-c8fd2901e6bd.png," ```pythongraph = {1: [2], 2: [1, 3, 5], 3: [4], 4: [5], 5: []}```","{1: [2], 2: [1, 3, 5], 3: [4], 4: [5], 5: []}","{1: [2], 2: [3, 5, 1], 3: [4], 4: [5], 5: [4]}",False,80.0,sans-serif,#fee4b3,o,1.0,-|>,5,512,09f48396-7909-43d8-8274-bf288fb4dd1f,46ebd7e3-786c-4aed-b244-c8fd2901e6bd
53,3,1,1,2,directed_graph,adjacency_list,'Provide a single-line python dictionary representing the adjacency list of the directed graph.',images/directed_graph/dg-gen_3-var_1-fmt_1-wid_10-col_fee4b3-fnt_sansserif-shp_o-arw_1-res_512-idn_46ebd7e3-786c-4aed-b244-c8fd2901e6bd.png," ```pythongraph = {1: [2], 2: [1, 3, 5], 3: [2, 4], 4: [5], 5: [4, 2]}```","{1: [2], 2: [1, 3, 5], 3: [2, 4], 4: [5], 5: [4, 2]}","{1: [2], 2: [3, 5, 1], 3: [4], 4: [5], 5: [4]}",False,80.0,sans-serif,#fee4b3,o,1.0,-|>,5,512,09f48396-7909-43d8-8274-bf288fb4dd1f,46ebd7e3-786c-4aed-b244-c8fd2901e6bd
54,3,1,1,3,directed_graph,adjacency_list,'Provide a single-line python dictionary representing the adjacency list of the directed graph.',images/directed_graph/dg-gen_3-var_1-fmt_1-wid_10-col_fee4b3-fnt_sansserif-shp_o-arw_1-res_512-idn_46ebd7e3-786c-4aed-b244-c8fd2901e6bd.png," ```pythongraph = {1: [2], 2: [3, 5], 3: [4], 4: [5]}```","{1: [2], 2: [3, 5], 3: [4], 4: [5]}","{1: [2], 2: [3, 5, 1], 3: [4], 4: [5], 5: [4]}",False,73.33333333333333,sans-serif,#fee4b3,o,1.0,-|>,5,512,09f48396-7909-43d8-8274-bf288fb4dd1f,46ebd7e3-786c-4aed-b244-c8fd2901e6bd
55,4,1,1,1,directed_graph,breadth_first_search,'Provide a single-line python list representing the breadth-first search of the directed graph starting from the vertex with the smallest value.',images/directed_graph/dg-gen_4-var_1-fmt_1-wid_10-col_fee4b3-fnt_sansserif-shp_o-arw_0-res_512-idn_f2f4ab1a-6147-4fee-9232-91ffd45b2f81.png," [1, 2, 3, 6, 4, 5]","[1, 2, 3, 6, 4, 5]","[1, 2, 6, 3, 5, 4]",False,50.0,sans-serif,#fee4b3,o,1.0,->,6,512,8b8fcdd3-ea67-4960-8ef0-495a9778ebbb,f2f4ab1a-6147-4fee-9232-91ffd45b2f81
56,4,1,1,2,directed_graph,breadth_first_search,'Provide a single-line python list representing the breadth-first search of the directed graph starting from the vertex with the smallest value.',images/directed_graph/dg-gen_4-var_1-fmt_1-wid_10-col_fee4b3-fnt_sansserif-shp_o-arw_0-res_512-idn_f2f4ab1a-6147-4fee-9232-91ffd45b2f81.png," [1, 2, 3, 6, 4, 5]","[1, 2, 3, 6, 4, 5]","[1, 2, 6, 3, 5, 4]",False,50.0,sans-serif,#fee4b3,o,1.0,->,6,512,8b8fcdd3-ea67-4960-8ef0-495a9778ebbb,f2f4ab1a-6147-4fee-9232-91ffd45b2f81
57,4,1,1,3,directed_graph,breadth_first_search,'Provide a single-line python list representing the breadth-first search of the directed graph starting from the vertex with the smallest value.',images/directed_graph/dg-gen_4-var_1-fmt_1-wid_10-col_fee4b3-fnt_sansserif-shp_o-arw_0-res_512-idn_f2f4ab1a-6147-4fee-9232-91ffd45b2f81.png," [1, 2, 3, 6, 4, 5]","[1, 2, 3, 6, 4, 5]","[1, 2, 6, 3, 5, 4]",False,50.0,sans-serif,#fee4b3,o,1.0,->,6,512,8b8fcdd3-ea67-4960-8ef0-495a9778ebbb,f2f4ab1a-6147-4fee-9232-91ffd45b2f81
58,4,1,1,2,directed_graph,depth_first_search,'Provide a single-line python list representing the depth-first search of the directed graph starting from the vertex with the smallest value.',images/directed_graph/dg-gen_4-var_1-fmt_1-wid_10-col_fee4b3-fnt_sansserif-shp_o-arw_0-res_512-idn_f2f4ab1a-6147-4fee-9232-91ffd45b2f81.png," [1, 2, 3, 6, 4, 5]","[1, 2, 3, 6, 4, 5]","[1, 2, 3, 4, 5, 6]",False,66.66666666666666,sans-serif,#fee4b3,o,1.0,->,6,512,df3381cd-3c53-4df5-9bfa-547fc6159ca9,f2f4ab1a-6147-4fee-9232-91ffd45b2f81
59,4,1,1,1,directed_graph,depth_first_search,'Provide a single-line python list representing the depth-first search of the directed graph starting from the vertex with the smallest value.',images/directed_graph/dg-gen_4-var_1-fmt_1-wid_10-col_fee4b3-fnt_sansserif-shp_o-arw_0-res_512-idn_f2f4ab1a-6147-4fee-9232-91ffd45b2f81.png," [1, 2, 3, 6, 4, 5]","[1, 2, 3, 6, 4, 5]","[1, 2, 3, 4, 5, 6]",False,66.66666666666666,sans-serif,#fee4b3,o,1.0,->,6,512,df3381cd-3c53-4df5-9bfa-547fc6159ca9,f2f4ab1a-6147-4fee-9232-91ffd45b2f81
60,4,1,1,3,directed_graph,depth_first_search,'Provide a single-line python list representing the depth-first search of the directed graph starting from the vertex with the smallest value.',images/directed_graph/dg-gen_4-var_1-fmt_1-wid_10-col_fee4b3-fnt_sansserif-shp_o-arw_0-res_512-idn_f2f4ab1a-6147-4fee-9232-91ffd45b2f81.png," [1, 2, 3, 6, 4, 5]","[1, 2, 3, 6, 4, 5]","[1, 2, 3, 4, 5, 6]",False,66.66666666666666,sans-serif,#fee4b3,o,1.0,->,6,512,df3381cd-3c53-4df5-9bfa-547fc6159ca9,f2f4ab1a-6147-4fee-9232-91ffd45b2f81
61,4,1,1,1,directed_graph,adjacency_list,'Provide a single-line python dictionary representing the adjacency list of the directed graph.',images/directed_graph/dg-gen_4-var_1-fmt_1-wid_10-col_fee4b3-fnt_sansserif-shp_o-arw_0-res_512-idn_f2f4ab1a-6147-4fee-9232-91ffd45b2f81.png," ```pythongraph = {1: [2, 3], 2: [3, 5], 3: [4, 5], 4: [6], 5: [6]}```","{1: [2, 3], 2: [3, 5], 3: [4, 5], 4: [6], 5: [6]}","{1: [2, 6], 2: [3, 1], 3: [4, 6], 4: [5], 5: [6], 6: [5, 1]}",False,33.33333333333333,sans-serif,#fee4b3,o,1.0,->,6,512,b7e1022c-b969-40e8-8873-aa6763140567,f2f4ab1a-6147-4fee-9232-91ffd45b2f81
62,4,1,1,3,directed_graph,adjacency_list,'Provide a single-line python dictionary representing the adjacency list of the directed graph.',images/directed_graph/dg-gen_4-var_1-fmt_1-wid_10-col_fee4b3-fnt_sansserif-shp_o-arw_0-res_512-idn_f2f4ab1a-6147-4fee-9232-91ffd45b2f81.png," ```pythongraph = {1: [2, 3], 2: [3, 5], 3: [4, 5], 4: [6], 5: [6]}```","{1: [2, 3], 2: [3, 5], 3: [4, 5], 4: [6], 5: [6]}","{1: [2, 6], 2: [3, 1], 3: [4, 6], 4: [5], 5: [6], 6: [5, 1]}",False,33.33333333333333,sans-serif,#fee4b3,o,1.0,->,6,512,b7e1022c-b969-40e8-8873-aa6763140567,f2f4ab1a-6147-4fee-9232-91ffd45b2f81
63,4,1,1,1,directed_graph,breadth_first_search,'Provide a single-line python list representing the breadth-first search of the directed graph starting from the vertex with the smallest value.',images/directed_graph/dg-gen_4-var_1-fmt_1-wid_10-col_fee4b3-fnt_sansserif-shp_o-arw_1-res_512-idn_dd732adc-60b6-45bf-8e0f-a3c124b03c39.png," [1, 2, 3, 6, 4, 5]","[1, 2, 3, 6, 4, 5]","[1, 2, 6, 3, 5, 4]",False,50.0,sans-serif,#fee4b3,o,1.0,-|>,6,512,e947ef65-efe5-4340-8fa7-d6c7db5c8c30,dd732adc-60b6-45bf-8e0f-a3c124b03c39
64,4,1,1,2,directed_graph,breadth_first_search,'Provide a single-line python list representing the breadth-first search of the directed graph starting from the vertex with the smallest value.',images/directed_graph/dg-gen_4-var_1-fmt_1-wid_10-col_fee4b3-fnt_sansserif-shp_o-arw_1-res_512-idn_dd732adc-60b6-45bf-8e0f-a3c124b03c39.png," [1, 2, 3, 6, 4, 5]","[1, 2, 3, 6, 4, 5]","[1, 2, 6, 3, 5, 4]",False,50.0,sans-serif,#fee4b3,o,1.0,-|>,6,512,e947ef65-efe5-4340-8fa7-d6c7db5c8c30,dd732adc-60b6-45bf-8e0f-a3c124b03c39
65,4,1,1,2,directed_graph,adjacency_list,'Provide a single-line python dictionary representing the adjacency list of the directed graph.',images/directed_graph/dg-gen_4-var_1-fmt_1-wid_10-col_fee4b3-fnt_sansserif-shp_o-arw_0-res_512-idn_f2f4ab1a-6147-4fee-9232-91ffd45b2f81.png," ```pythongraph = {1: [2, 3], 2: [3, 5], 3: [4, 5], 4: [6], 5: [6]}```","{1: [2, 3], 2: [3, 5], 3: [4, 5], 4: [6], 5: [6]}","{1: [2, 6], 2: [3, 1], 3: [4, 6], 4: [5], 5: [6], 6: [5, 1]}",False,33.33333333333333,sans-serif,#fee4b3,o,1.0,->,6,512,b7e1022c-b969-40e8-8873-aa6763140567,f2f4ab1a-6147-4fee-9232-91ffd45b2f81
66,4,1,1,1,directed_graph,depth_first_search,'Provide a single-line python list representing the depth-first search of the directed graph starting from the vertex with the smallest value.',images/directed_graph/dg-gen_4-var_1-fmt_1-wid_10-col_fee4b3-fnt_sansserif-shp_o-arw_1-res_512-idn_dd732adc-60b6-45bf-8e0f-a3c124b03c39.png," [1, 2, 3, 4, 5, 6]","[1, 2, 3, 4, 5, 6]","[1, 2, 3, 4, 5, 6]",True,100.0,sans-serif,#fee4b3,o,1.0,-|>,6,512,e7d6aae5-cc00-4765-8a0f-c51927fcfd27,dd732adc-60b6-45bf-8e0f-a3c124b03c39
67,4,1,1,2,directed_graph,depth_first_search,'Provide a single-line python list representing the depth-first search of the directed graph starting from the vertex with the smallest value.',images/directed_graph/dg-gen_4-var_1-fmt_1-wid_10-col_fee4b3-fnt_sansserif-shp_o-arw_1-res_512-idn_dd732adc-60b6-45bf-8e0f-a3c124b03c39.png," [1, 2, 3, 6, 5, 4]","[1, 2, 3, 6, 5, 4]","[1, 2, 3, 4, 5, 6]",False,66.66666666666666,sans-serif,#fee4b3,o,1.0,-|>,6,512,e7d6aae5-cc00-4765-8a0f-c51927fcfd27,dd732adc-60b6-45bf-8e0f-a3c124b03c39
68,4,1,1,3,directed_graph,breadth_first_search,'Provide a single-line python list representing the breadth-first search of the directed graph starting from the vertex with the smallest value.',images/directed_graph/dg-gen_4-var_1-fmt_1-wid_10-col_fee4b3-fnt_sansserif-shp_o-arw_1-res_512-idn_dd732adc-60b6-45bf-8e0f-a3c124b03c39.png," [1, 2, 3, 6, 4, 5]","[1, 2, 3, 6, 4, 5]","[1, 2, 6, 3, 5, 4]",False,50.0,sans-serif,#fee4b3,o,1.0,-|>,6,512,e947ef65-efe5-4340-8fa7-d6c7db5c8c30,dd732adc-60b6-45bf-8e0f-a3c124b03c39
69,4,1,1,3,directed_graph,depth_first_search,'Provide a single-line python list representing the depth-first search of the directed graph starting from the vertex with the smallest value.',images/directed_graph/dg-gen_4-var_1-fmt_1-wid_10-col_fee4b3-fnt_sansserif-shp_o-arw_1-res_512-idn_dd732adc-60b6-45bf-8e0f-a3c124b03c39.png," [1, 2, 3, 6, 5, 4]","[1, 2, 3, 6, 5, 4]","[1, 2, 3, 4, 5, 6]",False,66.66666666666666,sans-serif,#fee4b3,o,1.0,-|>,6,512,e7d6aae5-cc00-4765-8a0f-c51927fcfd27,dd732adc-60b6-45bf-8e0f-a3c124b03c39
70,4,1,1,2,directed_graph,adjacency_list,'Provide a single-line python dictionary representing the adjacency list of the directed graph.',images/directed_graph/dg-gen_4-var_1-fmt_1-wid_10-col_fee4b3-fnt_sansserif-shp_o-arw_1-res_512-idn_dd732adc-60b6-45bf-8e0f-a3c124b03c39.png," ```pythongraph = {1: [2, 3], 2: [1, 5], 3: [4, 5], 4: [5, 6], 5: [6], 6: []}```","{1: [2, 3], 2: [1, 5], 3: [4, 5], 4: [5, 6], 5: [6], 6: []}","{1: [2, 6], 2: [3, 1], 3: [4, 6], 4: [5], 5: [6], 6: [5, 1]}",False,41.66666666666667,sans-serif,#fee4b3,o,1.0,-|>,6,512,c7b0b29e-5d59-4aa3-9efb-06feeb24c38b,dd732adc-60b6-45bf-8e0f-a3c124b03c39
71,4,1,1,1,directed_graph,adjacency_list,'Provide a single-line python dictionary representing the adjacency list of the directed graph.',images/directed_graph/dg-gen_4-var_1-fmt_1-wid_10-col_fee4b3-fnt_sansserif-shp_o-arw_1-res_512-idn_dd732adc-60b6-45bf-8e0f-a3c124b03c39.png," ```pythongraph = {1: [2, 3], 2: [1, 5], 3: [4, 5], 4: [5, 6], 5: [6], 6: []}```","{1: [2, 3], 2: [1, 5], 3: [4, 5], 4: [5, 6], 5: [6], 6: []}","{1: [2, 6], 2: [3, 1], 3: [4, 6], 4: [5], 5: [6], 6: [5, 1]}",False,41.66666666666667,sans-serif,#fee4b3,o,1.0,-|>,6,512,c7b0b29e-5d59-4aa3-9efb-06feeb24c38b,dd732adc-60b6-45bf-8e0f-a3c124b03c39
72,4,1,1,3,directed_graph,adjacency_list,'Provide a single-line python dictionary representing the adjacency list of the directed graph.',images/directed_graph/dg-gen_4-var_1-fmt_1-wid_10-col_fee4b3-fnt_sansserif-shp_o-arw_1-res_512-idn_dd732adc-60b6-45bf-8e0f-a3c124b03c39.png," ```pythongraph = {1: [2, 3], 2: [1, 5], 3: [4, 5], 4: [5, 6], 5: [6], 6: []}```","{1: [2, 3], 2: [1, 5], 3: [4, 5], 4: [5, 6], 5: [6], 6: []}","{1: [2, 6], 2: [3, 1], 3: [4, 6], 4: [5], 5: [6], 6: [5, 1]}",False,41.66666666666667,sans-serif,#fee4b3,o,1.0,-|>,6,512,c7b0b29e-5d59-4aa3-9efb-06feeb24c38b,dd732adc-60b6-45bf-8e0f-a3c124b03c39
73,5,1,1,1,directed_graph,breadth_first_search,'Provide a single-line python list representing the breadth-first search of the directed graph starting from the vertex with the smallest value.',images/directed_graph/dg-gen_5-var_1-fmt_1-wid_10-col_fee4b3-fnt_sansserif-shp_o-arw_0-res_512-idn_f4b8e4c1-afea-437b-ba90-0c9fe5d75a7a.png," [1, 2, 3, 4, 5, 6, 7]","[1, 2, 3, 4, 5, 6, 7]","[1, 2, 3, 4, 5, 6, 7]",True,100.0,sans-serif,#fee4b3,o,1.0,->,7,512,36350135-bcf3-4a51-8b1a-47dec117017a,f4b8e4c1-afea-437b-ba90-0c9fe5d75a7a
74,5,1,1,2,directed_graph,breadth_first_search,'Provide a single-line python list representing the breadth-first search of the directed graph starting from the vertex with the smallest value.',images/directed_graph/dg-gen_5-var_1-fmt_1-wid_10-col_fee4b3-fnt_sansserif-shp_o-arw_0-res_512-idn_f4b8e4c1-afea-437b-ba90-0c9fe5d75a7a.png," [1, 2, 3, 4, 5, 6, 7]","[1, 2, 3, 4, 5, 6, 7]","[1, 2, 3, 4, 5, 6, 7]",True,100.0,sans-serif,#fee4b3,o,1.0,->,7,512,36350135-bcf3-4a51-8b1a-47dec117017a,f4b8e4c1-afea-437b-ba90-0c9fe5d75a7a
75,5,1,1,3,directed_graph,breadth_first_search,'Provide a single-line python list representing the breadth-first search of the directed graph starting from the vertex with the smallest value.',images/directed_graph/dg-gen_5-var_1-fmt_1-wid_10-col_fee4b3-fnt_sansserif-shp_o-arw_0-res_512-idn_f4b8e4c1-afea-437b-ba90-0c9fe5d75a7a.png," [1, 2, 3, 4, 5, 6, 7]","[1, 2, 3, 4, 5, 6, 7]","[1, 2, 3, 4, 5, 6, 7]",True,100.0,sans-serif,#fee4b3,o,1.0,->,7,512,36350135-bcf3-4a51-8b1a-47dec117017a,f4b8e4c1-afea-437b-ba90-0c9fe5d75a7a
76,5,1,1,1,directed_graph,depth_first_search,'Provide a single-line python list representing the depth-first search of the directed graph starting from the vertex with the smallest value.',images/directed_graph/dg-gen_5-var_1-fmt_1-wid_10-col_fee4b3-fnt_sansserif-shp_o-arw_0-res_512-idn_f4b8e4c1-afea-437b-ba90-0c9fe5d75a7a.png," [1, 4, 2, 3, 5, 6, 7]","[1, 4, 2, 3, 5, 6, 7]","[1, 2, 3, 4, 5, 6, 7]",False,71.42857142857143,sans-serif,#fee4b3,o,1.0,->,7,512,8ec4b3a1-1cf7-4df9-82a5-b68ce962d429,f4b8e4c1-afea-437b-ba90-0c9fe5d75a7a
77,5,1,1,2,directed_graph,depth_first_search,'Provide a single-line python list representing the depth-first search of the directed graph starting from the vertex with the smallest value.',images/directed_graph/dg-gen_5-var_1-fmt_1-wid_10-col_fee4b3-fnt_sansserif-shp_o-arw_0-res_512-idn_f4b8e4c1-afea-437b-ba90-0c9fe5d75a7a.png," [1, 4, 2, 3, 5, 6, 7]","[1, 4, 2, 3, 5, 6, 7]","[1, 2, 3, 4, 5, 6, 7]",False,71.42857142857143,sans-serif,#fee4b3,o,1.0,->,7,512,8ec4b3a1-1cf7-4df9-82a5-b68ce962d429,f4b8e4c1-afea-437b-ba90-0c9fe5d75a7a
78,5,1,1,3,directed_graph,depth_first_search,'Provide a single-line python list representing the depth-first search of the directed graph starting from the vertex with the smallest value.',images/directed_graph/dg-gen_5-var_1-fmt_1-wid_10-col_fee4b3-fnt_sansserif-shp_o-arw_0-res_512-idn_f4b8e4c1-afea-437b-ba90-0c9fe5d75a7a.png," [1, 4, 2, 3, 5, 6, 7]","[1, 4, 2, 3, 5, 6, 7]","[1, 2, 3, 4, 5, 6, 7]",False,71.42857142857143,sans-serif,#fee4b3,o,1.0,->,7,512,8ec4b3a1-1cf7-4df9-82a5-b68ce962d429,f4b8e4c1-afea-437b-ba90-0c9fe5d75a7a
79,5,1,1,1,directed_graph,adjacency_list,'Provide a single-line python dictionary representing the adjacency list of the directed graph.',images/directed_graph/dg-gen_5-var_1-fmt_1-wid_10-col_fee4b3-fnt_sansserif-shp_o-arw_0-res_512-idn_f4b8e4c1-afea-437b-ba90-0c9fe5d75a7a.png," ```pythongraph = {1: [4], 2: [4], 3: [4, 5], 4: [1, 2, 5, 6], 5: [6], 6: [7], 7: []}```","{1: [4], 2: [4], 3: [4, 5], 4: [1, 2, 5, 6], 5: [6], 6: [7], 7: []}","{1: [2], 2: [3, 1, 4], 3: [4], 4: [5, 3, 1], 5: [6, 4], 6: [7, 4, 5], 7: [1]}",False,29.523809523809526,sans-serif,#fee4b3,o,1.0,->,7,512,fdc000e7-6b3c-418d-a796-93a6b392b311,f4b8e4c1-afea-437b-ba90-0c9fe5d75a7a
80,5,1,1,2,directed_graph,adjacency_list,'Provide a single-line python dictionary representing the adjacency list of the directed graph.',images/directed_graph/dg-gen_5-var_1-fmt_1-wid_10-col_fee4b3-fnt_sansserif-shp_o-arw_0-res_512-idn_f4b8e4c1-afea-437b-ba90-0c9fe5d75a7a.png," ```pythongraph = {1: [4], 2: [4], 3: [4, 2], 4: [5, 6], 5: [6], 6: [7], 7: []}```","{1: [4], 2: [4], 3: [4, 2], 4: [5, 6], 5: [6], 6: [7], 7: []}","{1: [2], 2: [3, 1, 4], 3: [4], 4: [5, 3, 1], 5: [6, 4], 6: [7, 4, 5], 7: [1]}",False,27.38095238095238,sans-serif,#fee4b3,o,1.0,->,7,512,fdc000e7-6b3c-418d-a796-93a6b392b311,f4b8e4c1-afea-437b-ba90-0c9fe5d75a7a
81,5,1,1,1,directed_graph,breadth_first_search,'Provide a single-line python list representing the breadth-first search of the directed graph starting from the vertex with the smallest value.',images/directed_graph/dg-gen_5-var_1-fmt_1-wid_10-col_fee4b3-fnt_sansserif-shp_o-arw_1-res_512-idn_6b5d5bca-96a3-45fe-b515-9ec9db00bbcc.png," [1, 2, 3, 4, 5, 6, 7]","[1, 2, 3, 4, 5, 6, 7]","[1, 2, 3, 4, 5, 6, 7]",True,100.0,sans-serif,#fee4b3,o,1.0,-|>,7,512,00f8c77b-0474-409c-a21d-e9d6ebae2655,6b5d5bca-96a3-45fe-b515-9ec9db00bbcc
82,5,1,1,3,directed_graph,adjacency_list,'Provide a single-line python dictionary representing the adjacency list of the directed graph.',images/directed_graph/dg-gen_5-var_1-fmt_1-wid_10-col_fee4b3-fnt_sansserif-shp_o-arw_0-res_512-idn_f4b8e4c1-afea-437b-ba90-0c9fe5d75a7a.png," ```pythongraph = {1: [4], 2: [4], 3: [4, 5], 4: [1, 2, 3, 5], 5: [6], 6: [5, 7], 7: []}```","{1: [4], 2: [4], 3: [4, 5], 4: [1, 2, 3, 5], 5: [6], 6: [5, 7], 7: []}","{1: [2], 2: [3, 1, 4], 3: [4], 4: [5, 3, 1], 5: [6, 4], 6: [7, 4, 5], 7: [1]}",False,39.28571428571428,sans-serif,#fee4b3,o,1.0,->,7,512,fdc000e7-6b3c-418d-a796-93a6b392b311,f4b8e4c1-afea-437b-ba90-0c9fe5d75a7a
83,5,1,1,2,directed_graph,breadth_first_search,'Provide a single-line python list representing the breadth-first search of the directed graph starting from the vertex with the smallest value.',images/directed_graph/dg-gen_5-var_1-fmt_1-wid_10-col_fee4b3-fnt_sansserif-shp_o-arw_1-res_512-idn_6b5d5bca-96a3-45fe-b515-9ec9db00bbcc.png," [1, 2, 3, 4, 5, 6, 7]","[1, 2, 3, 4, 5, 6, 7]","[1, 2, 3, 4, 5, 6, 7]",True,100.0,sans-serif,#fee4b3,o,1.0,-|>,7,512,00f8c77b-0474-409c-a21d-e9d6ebae2655,6b5d5bca-96a3-45fe-b515-9ec9db00bbcc
84,5,1,1,3,directed_graph,breadth_first_search,'Provide a single-line python list representing the breadth-first search of the directed graph starting from the vertex with the smallest value.',images/directed_graph/dg-gen_5-var_1-fmt_1-wid_10-col_fee4b3-fnt_sansserif-shp_o-arw_1-res_512-idn_6b5d5bca-96a3-45fe-b515-9ec9db00bbcc.png," [1, 2, 3, 4, 5, 6, 7]","[1, 2, 3, 4, 5, 6, 7]","[1, 2, 3, 4, 5, 6, 7]",True,100.0,sans-serif,#fee4b3,o,1.0,-|>,7,512,00f8c77b-0474-409c-a21d-e9d6ebae2655,6b5d5bca-96a3-45fe-b515-9ec9db00bbcc
85,5,1,1,1,directed_graph,depth_first_search,'Provide a single-line python list representing the depth-first search of the directed graph starting from the vertex with the smallest value.',images/directed_graph/dg-gen_5-var_1-fmt_1-wid_10-col_fee4b3-fnt_sansserif-shp_o-arw_1-res_512-idn_6b5d5bca-96a3-45fe-b515-9ec9db00bbcc.png," [1, 2, 3, 4, 5, 6, 7]","[1, 2, 3, 4, 5, 6, 7]","[1, 2, 3, 4, 5, 6, 7]",True,100.0,sans-serif,#fee4b3,o,1.0,-|>,7,512,c4dedba4-2ac1-401c-a6ce-6eda1936d02b,6b5d5bca-96a3-45fe-b515-9ec9db00bbcc
86,5,1,1,2,directed_graph,depth_first_search,'Provide a single-line python list representing the depth-first search of the directed graph starting from the vertex with the smallest value.',images/directed_graph/dg-gen_5-var_1-fmt_1-wid_10-col_fee4b3-fnt_sansserif-shp_o-arw_1-res_512-idn_6b5d5bca-96a3-45fe-b515-9ec9db00bbcc.png," [1, 2, 3, 4, 5, 6, 7]","[1, 2, 3, 4, 5, 6, 7]","[1, 2, 3, 4, 5, 6, 7]",True,100.0,sans-serif,#fee4b3,o,1.0,-|>,7,512,c4dedba4-2ac1-401c-a6ce-6eda1936d02b,6b5d5bca-96a3-45fe-b515-9ec9db00bbcc
87,5,1,1,3,directed_graph,depth_first_search,'Provide a single-line python list representing the depth-first search of the directed graph starting from the vertex with the smallest value.',images/directed_graph/dg-gen_5-var_1-fmt_1-wid_10-col_fee4b3-fnt_sansserif-shp_o-arw_1-res_512-idn_6b5d5bca-96a3-45fe-b515-9ec9db00bbcc.png," [1, 2, 3, 4, 5, 6, 7]","[1, 2, 3, 4, 5, 6, 7]","[1, 2, 3, 4, 5, 6, 7]",True,100.0,sans-serif,#fee4b3,o,1.0,-|>,7,512,c4dedba4-2ac1-401c-a6ce-6eda1936d02b,6b5d5bca-96a3-45fe-b515-9ec9db00bbcc
88,5,1,1,1,directed_graph,adjacency_list,'Provide a single-line python dictionary representing the adjacency list of the directed graph.',images/directed_graph/dg-gen_5-var_1-fmt_1-wid_10-col_fee4b3-fnt_sansserif-shp_o-arw_1-res_512-idn_6b5d5bca-96a3-45fe-b515-9ec9db00bbcc.png," ```pythongraph = {1: [4], 2: [4], 3: [4], 4: [1, 2, 3, 5, 6], 5: [6], 6: [7], 7: []}```","{1: [4], 2: [4], 3: [4], 4: [1, 2, 3, 5, 6], 5: [6], 6: [7], 7: []}","{1: [2], 2: [3, 1, 4], 3: [4], 4: [5, 3, 1], 5: [6, 4], 6: [7, 4, 5], 7: [1]}",False,39.523809523809526,sans-serif,#fee4b3,o,1.0,-|>,7,512,3872758d-d139-4321-9a1f-41527697a1ed,6b5d5bca-96a3-45fe-b515-9ec9db00bbcc
89,5,1,1,2,directed_graph,adjacency_list,'Provide a single-line python dictionary representing the adjacency list of the directed graph.',images/directed_graph/dg-gen_5-var_1-fmt_1-wid_10-col_fee4b3-fnt_sansserif-shp_o-arw_1-res_512-idn_6b5d5bca-96a3-45fe-b515-9ec9db00bbcc.png," ```pythongraph = {1: [4], 2: [4], 3: [4], 4: [1, 3, 5, 6], 5: [6], 6: [7], 7: []}```","{1: [4], 2: [4], 3: [4], 4: [1, 3, 5, 6], 5: [6], 6: [7], 7: []}","{1: [2], 2: [3, 1, 4], 3: [4], 4: [5, 3, 1], 5: [6, 4], 6: [7, 4, 5], 7: [1]}",False,41.666666666666664,sans-serif,#fee4b3,o,1.0,-|>,7,512,3872758d-d139-4321-9a1f-41527697a1ed,6b5d5bca-96a3-45fe-b515-9ec9db00bbcc
90,5,1,1,3,directed_graph,adjacency_list,'Provide a single-line python dictionary representing the adjacency list of the directed graph.',images/directed_graph/dg-gen_5-var_1-fmt_1-wid_10-col_fee4b3-fnt_sansserif-shp_o-arw_1-res_512-idn_6b5d5bca-96a3-45fe-b515-9ec9db00bbcc.png," ```pythongraph = {1: [4], 2: [4], 3: [4], 4: [1, 2, 3, 5, 6], 5: [6], 6: [7], 7: []}```","{1: [4], 2: [4], 3: [4], 4: [1, 2, 3, 5, 6], 5: [6], 6: [7], 7: []}","{1: [2], 2: [3, 1, 4], 3: [4], 4: [5, 3, 1], 5: [6, 4], 6: [7, 4, 5], 7: [1]}",False,39.523809523809526,sans-serif,#fee4b3,o,1.0,-|>,7,512,3872758d-d139-4321-9a1f-41527697a1ed,6b5d5bca-96a3-45fe-b515-9ec9db00bbcc
91,6,1,1,1,directed_graph,breadth_first_search,'Provide a single-line python list representing the breadth-first search of the directed graph starting from the vertex with the smallest value.',images/directed_graph/dg-gen_6-var_1-fmt_1-wid_10-col_fee4b3-fnt_sansserif-shp_o-arw_0-res_512-idn_0d2e3a4a-fd09-4af4-be5d-7606c7eddc11.png," [1, 7, 6, 8, 5, 4, 3, 2]","[1, 7, 6, 8, 5, 4, 3, 2]","[1, 2, 3, 4, 5, 6, 7, 8]",False,25.0,sans-serif,#fee4b3,o,1.0,->,8,512,d7049a96-57c8-47e5-a484-808eccda18d8,0d2e3a4a-fd09-4af4-be5d-7606c7eddc11
92,6,1,1,2,directed_graph,breadth_first_search,'Provide a single-line python list representing the breadth-first search of the directed graph starting from the vertex with the smallest value.',images/directed_graph/dg-gen_6-var_1-fmt_1-wid_10-col_fee4b3-fnt_sansserif-shp_o-arw_0-res_512-idn_0d2e3a4a-fd09-4af4-be5d-7606c7eddc11.png," [1, 2, 3, 4, 5, 6, 7, 8]","[1, 2, 3, 4, 5, 6, 7, 8]","[1, 2, 3, 4, 5, 6, 7, 8]",True,100.0,sans-serif,#fee4b3,o,1.0,->,8,512,d7049a96-57c8-47e5-a484-808eccda18d8,0d2e3a4a-fd09-4af4-be5d-7606c7eddc11
93,6,1,1,3,directed_graph,breadth_first_search,'Provide a single-line python list representing the breadth-first search of the directed graph starting from the vertex with the smallest value.',images/directed_graph/dg-gen_6-var_1-fmt_1-wid_10-col_fee4b3-fnt_sansserif-shp_o-arw_0-res_512-idn_0d2e3a4a-fd09-4af4-be5d-7606c7eddc11.png," [7, 6, 8, 5, 1, 2, 3, 4]","[7, 6, 8, 5, 1, 2, 3, 4]","[1, 2, 3, 4, 5, 6, 7, 8]",False,0.0,sans-serif,#fee4b3,o,1.0,->,8,512,d7049a96-57c8-47e5-a484-808eccda18d8,0d2e3a4a-fd09-4af4-be5d-7606c7eddc11
94,6,1,1,2,directed_graph,depth_first_search,'Provide a single-line python list representing the depth-first search of the directed graph starting from the vertex with the smallest value.',images/directed_graph/dg-gen_6-var_1-fmt_1-wid_10-col_fee4b3-fnt_sansserif-shp_o-arw_0-res_512-idn_0d2e3a4a-fd09-4af4-be5d-7606c7eddc11.png," [6, 7, 8, 5, 4, 3, 2, 1]","[6, 7, 8, 5, 4, 3, 2, 1]","[1, 2, 3, 4, 5, 6, 7, 8]",False,0.0,sans-serif,#fee4b3,o,1.0,->,8,512,d019a44a-5d3a-42d7-a97b-1991ed1140fc,0d2e3a4a-fd09-4af4-be5d-7606c7eddc11
95,6,1,1,1,directed_graph,depth_first_search,'Provide a single-line python list representing the depth-first search of the directed graph starting from the vertex with the smallest value.',images/directed_graph/dg-gen_6-var_1-fmt_1-wid_10-col_fee4b3-fnt_sansserif-shp_o-arw_0-res_512-idn_0d2e3a4a-fd09-4af4-be5d-7606c7eddc11.png," [6, 7, 8, 5, 4, 3, 2, 1]","[6, 7, 8, 5, 4, 3, 2, 1]","[1, 2, 3, 4, 5, 6, 7, 8]",False,0.0,sans-serif,#fee4b3,o,1.0,->,8,512,d019a44a-5d3a-42d7-a97b-1991ed1140fc,0d2e3a4a-fd09-4af4-be5d-7606c7eddc11
96,6,1,1,3,directed_graph,depth_first_search,'Provide a single-line python list representing the depth-first search of the directed graph starting from the vertex with the smallest value.',images/directed_graph/dg-gen_6-var_1-fmt_1-wid_10-col_fee4b3-fnt_sansserif-shp_o-arw_0-res_512-idn_0d2e3a4a-fd09-4af4-be5d-7606c7eddc11.png," [1, 2, 3, 4, 5, 8, 6, 7]","[1, 2, 3, 4, 5, 8, 6, 7]","[1, 2, 3, 4, 5, 6, 7, 8]",False,75.0,sans-serif,#fee4b3,o,1.0,->,8,512,d019a44a-5d3a-42d7-a97b-1991ed1140fc,0d2e3a4a-fd09-4af4-be5d-7606c7eddc11
97,6,1,1,1,directed_graph,adjacency_list,'Provide a single-line python dictionary representing the adjacency list of the directed graph.',images/directed_graph/dg-gen_6-var_1-fmt_1-wid_10-col_fee4b3-fnt_sansserif-shp_o-arw_0-res_512-idn_0d2e3a4a-fd09-4af4-be5d-7606c7eddc11.png," ```pythongraph = {1: [2], 2: [3], 3: [4], 4: [5], 5: [6, 8], 6: [7], 7: [8]}```","{1: [2], 2: [3], 3: [4], 4: [5], 5: [6, 8], 6: [7], 7: [8]}","{1: [2], 2: [3], 3: [4], 4: [5], 5: [6], 6: [7], 7: [8], 8: [6]}",False,81.25,sans-serif,#fee4b3,o,1.0,->,8,512,b55e93ad-d0ae-4f5b-b0ff-7005473fdfdd,0d2e3a4a-fd09-4af4-be5d-7606c7eddc11
98,6,1,1,2,directed_graph,adjacency_list,'Provide a single-line python dictionary representing the adjacency list of the directed graph.',images/directed_graph/dg-gen_6-var_1-fmt_1-wid_10-col_fee4b3-fnt_sansserif-shp_o-arw_0-res_512-idn_0d2e3a4a-fd09-4af4-be5d-7606c7eddc11.png," ```pythongraph = {1: [2], 2: [3], 3: [4], 4: [5], 5: [6, 8], 6: [7], 7: [8]}```","{1: [2], 2: [3], 3: [4], 4: [5], 5: [6, 8], 6: [7], 7: [8]}","{1: [2], 2: [3], 3: [4], 4: [5], 5: [6], 6: [7], 7: [8], 8: [6]}",False,81.25,sans-serif,#fee4b3,o,1.0,->,8,512,b55e93ad-d0ae-4f5b-b0ff-7005473fdfdd,0d2e3a4a-fd09-4af4-be5d-7606c7eddc11
99,6,1,1,3,directed_graph,adjacency_list,'Provide a single-line python dictionary representing the adjacency list of the directed graph.',images/directed_graph/dg-gen_6-var_1-fmt_1-wid_10-col_fee4b3-fnt_sansserif-shp_o-arw_0-res_512-idn_0d2e3a4a-fd09-4af4-be5d-7606c7eddc11.png," ```pythongraph = {1: [2], 2: [3], 3: [4], 4: [5], 5: [6, 8], 6: [7], 7: [6, 8]}```","{1: [2], 2: [3], 3: [4], 4: [5], 5: [6, 8], 6: [7], 7: [6, 8]}","{1: [2], 2: [3], 3: [4], 4: [5], 5: [6], 6: [7], 7: [8], 8: [6]}",False,75.0,sans-serif,#fee4b3,o,1.0,->,8,512,b55e93ad-d0ae-4f5b-b0ff-7005473fdfdd,0d2e3a4a-fd09-4af4-be5d-7606c7eddc11
100,6,1,1,2,directed_graph,breadth_first_search,'Provide a single-line python list representing the breadth-first search of the directed graph starting from the vertex with the smallest value.',images/directed_graph/dg-gen_6-var_1-fmt_1-wid_10-col_fee4b3-fnt_sansserif-shp_o-arw_1-res_512-idn_3e7d0804-59fe-418d-bbae-52215f2fee67.png," [1, 2, 7, 6, 8, 5, 3, 4]","[1, 2, 7, 6, 8, 5, 3, 4]","[1, 2, 3, 4, 5, 6, 7, 8]",False,25.0,sans-serif,#fee4b3,o,1.0,-|>,8,512,644cc3f6-2552-4f31-a1f4-b44a58bd647a,3e7d0804-59fe-418d-bbae-52215f2fee67
101,6,1,1,1,directed_graph,breadth_first_search,'Provide a single-line python list representing the breadth-first search of the directed graph starting from the vertex with the smallest value.',images/directed_graph/dg-gen_6-var_1-fmt_1-wid_10-col_fee4b3-fnt_sansserif-shp_o-arw_1-res_512-idn_3e7d0804-59fe-418d-bbae-52215f2fee67.png," [6, 7, 8, 5, 4, 3, 2, 1]","[6, 7, 8, 5, 4, 3, 2, 1]","[1, 2, 3, 4, 5, 6, 7, 8]",False,0.0,sans-serif,#fee4b3,o,1.0,-|>,8,512,644cc3f6-2552-4f31-a1f4-b44a58bd647a,3e7d0804-59fe-418d-bbae-52215f2fee67
102,6,1,1,3,directed_graph,breadth_first_search,'Provide a single-line python list representing the breadth-first search of the directed graph starting from the vertex with the smallest value.',images/directed_graph/dg-gen_6-var_1-fmt_1-wid_10-col_fee4b3-fnt_sansserif-shp_o-arw_1-res_512-idn_3e7d0804-59fe-418d-bbae-52215f2fee67.png," [1, 2, 3, 4, 5, 6, 7, 8]","[1, 2, 3, 4, 5, 6, 7, 8]","[1, 2, 3, 4, 5, 6, 7, 8]",True,100.0,sans-serif,#fee4b3,o,1.0,-|>,8,512,644cc3f6-2552-4f31-a1f4-b44a58bd647a,3e7d0804-59fe-418d-bbae-52215f2fee67
103,6,1,1,1,directed_graph,depth_first_search,'Provide a single-line python list representing the depth-first search of the directed graph starting from the vertex with the smallest value.',images/directed_graph/dg-gen_6-var_1-fmt_1-wid_10-col_fee4b3-fnt_sansserif-shp_o-arw_1-res_512-idn_3e7d0804-59fe-418d-bbae-52215f2fee67.png," [1, 2, 3, 4, 5, 8, 6, 7]","[1, 2, 3, 4, 5, 8, 6, 7]","[1, 2, 3, 4, 5, 6, 7, 8]",False,75.0,sans-serif,#fee4b3,o,1.0,-|>,8,512,8c1b5763-99f0-41e9-a605-9dd31b82c4da,3e7d0804-59fe-418d-bbae-52215f2fee67
104,6,1,1,3,directed_graph,depth_first_search,'Provide a single-line python list representing the depth-first search of the directed graph starting from the vertex with the smallest value.',images/directed_graph/dg-gen_6-var_1-fmt_1-wid_10-col_fee4b3-fnt_sansserif-shp_o-arw_1-res_512-idn_3e7d0804-59fe-418d-bbae-52215f2fee67.png," [1, 2, 3, 4, 5, 8, 6, 7]","[1, 2, 3, 4, 5, 8, 6, 7]","[1, 2, 3, 4, 5, 6, 7, 8]",False,75.0,sans-serif,#fee4b3,o,1.0,-|>,8,512,8c1b5763-99f0-41e9-a605-9dd31b82c4da,3e7d0804-59fe-418d-bbae-52215f2fee67
105,6,1,1,2,directed_graph,depth_first_search,'Provide a single-line python list representing the depth-first search of the directed graph starting from the vertex with the smallest value.',images/directed_graph/dg-gen_6-var_1-fmt_1-wid_10-col_fee4b3-fnt_sansserif-shp_o-arw_1-res_512-idn_3e7d0804-59fe-418d-bbae-52215f2fee67.png," [1, 2, 3, 4, 5, 8, 6, 7]","[1, 2, 3, 4, 5, 8, 6, 7]","[1, 2, 3, 4, 5, 6, 7, 8]",False,75.0,sans-serif,#fee4b3,o,1.0,-|>,8,512,8c1b5763-99f0-41e9-a605-9dd31b82c4da,3e7d0804-59fe-418d-bbae-52215f2fee67
106,6,1,1,1,directed_graph,adjacency_list,'Provide a single-line python dictionary representing the adjacency list of the directed graph.',images/directed_graph/dg-gen_6-var_1-fmt_1-wid_10-col_fee4b3-fnt_sansserif-shp_o-arw_1-res_512-idn_3e7d0804-59fe-418d-bbae-52215f2fee67.png," ```pythongraph = {1: [2], 2: [3], 3: [4], 4: [5], 5: [6], 6: [7, 8], 7: [], 8: []}```","{1: [2], 2: [3], 3: [4], 4: [5], 5: [6], 6: [7, 8], 7: [], 8: []}","{1: [2], 2: [3], 3: [4], 4: [5], 5: [6], 6: [7], 7: [8], 8: [6]}",False,68.75,sans-serif,#fee4b3,o,1.0,-|>,8,512,67f1bfc3-e7f7-40d5-87e0-3f71e6499c1a,3e7d0804-59fe-418d-bbae-52215f2fee67
107,6,1,1,2,directed_graph,adjacency_list,'Provide a single-line python dictionary representing the adjacency list of the directed graph.',images/directed_graph/dg-gen_6-var_1-fmt_1-wid_10-col_fee4b3-fnt_sansserif-shp_o-arw_1-res_512-idn_3e7d0804-59fe-418d-bbae-52215f2fee67.png," ```pythongraph = {1: [2], 2: [3], 3: [4], 4: [5], 5: [6, 8], 6: [7], 7: [8]}```","{1: [2], 2: [3], 3: [4], 4: [5], 5: [6, 8], 6: [7], 7: [8]}","{1: [2], 2: [3], 3: [4], 4: [5], 5: [6], 6: [7], 7: [8], 8: [6]}",False,81.25,sans-serif,#fee4b3,o,1.0,-|>,8,512,67f1bfc3-e7f7-40d5-87e0-3f71e6499c1a,3e7d0804-59fe-418d-bbae-52215f2fee67
108,6,1,1,3,directed_graph,adjacency_list,'Provide a single-line python dictionary representing the adjacency list of the directed graph.',images/directed_graph/dg-gen_6-var_1-fmt_1-wid_10-col_fee4b3-fnt_sansserif-shp_o-arw_1-res_512-idn_3e7d0804-59fe-418d-bbae-52215f2fee67.png," ```pythongraph = {1: [2], 2: [3], 3: [4], 4: [5], 5: [6], 6: [7, 8], 7: [], 8: []}```","{1: [2], 2: [3], 3: [4], 4: [5], 5: [6], 6: [7, 8], 7: [], 8: []}","{1: [2], 2: [3], 3: [4], 4: [5], 5: [6], 6: [7], 7: [8], 8: [6]}",False,68.75,sans-serif,#fee4b3,o,1.0,-|>,8,512,67f1bfc3-e7f7-40d5-87e0-3f71e6499c1a,3e7d0804-59fe-418d-bbae-52215f2fee67
109,7,1,1,1,directed_graph,breadth_first_search,'Provide a single-line python list representing the breadth-first search of the directed graph starting from the vertex with the smallest value.',images/directed_graph/dg-gen_7-var_1-fmt_1-wid_10-col_fee4b3-fnt_sansserif-shp_o-arw_0-res_512-idn_4ee177e1-6c21-4343-9af0-a9f90eb84e0e.png," [1, 2, 3, 4, 5, 6, 7, 8, 9]","[1, 2, 3, 4, 5, 6, 7, 8, 9]","[1, 2, 7, 3, 8, 4, 9, 5, 6]",False,33.33333333333333,sans-serif,#fee4b3,o,1.0,->,9,512,e7db7ad5-2067-4334-abc5-b90b7a3b71fb,4ee177e1-6c21-4343-9af0-a9f90eb84e0e
110,7,1,1,2,directed_graph,breadth_first_search,'Provide a single-line python list representing the breadth-first search of the directed graph starting from the vertex with the smallest value.',images/directed_graph/dg-gen_7-var_1-fmt_1-wid_10-col_fee4b3-fnt_sansserif-shp_o-arw_0-res_512-idn_4ee177e1-6c21-4343-9af0-a9f90eb84e0e.png," [1, 2, 3, 4, 5, 6, 7, 8, 9]","[1, 2, 3, 4, 5, 6, 7, 8, 9]","[1, 2, 7, 3, 8, 4, 9, 5, 6]",False,33.33333333333333,sans-serif,#fee4b3,o,1.0,->,9,512,e7db7ad5-2067-4334-abc5-b90b7a3b71fb,4ee177e1-6c21-4343-9af0-a9f90eb84e0e
111,7,1,1,3,directed_graph,breadth_first_search,'Provide a single-line python list representing the breadth-first search of the directed graph starting from the vertex with the smallest value.',images/directed_graph/dg-gen_7-var_1-fmt_1-wid_10-col_fee4b3-fnt_sansserif-shp_o-arw_0-res_512-idn_4ee177e1-6c21-4343-9af0-a9f90eb84e0e.png," [1, 7, 6, 2, 3, 4, 5, 8, 9]","[1, 7, 6, 2, 3, 4, 5, 8, 9]","[1, 2, 7, 3, 8, 4, 9, 5, 6]",False,22.22222222222222,sans-serif,#fee4b3,o,1.0,->,9,512,e7db7ad5-2067-4334-abc5-b90b7a3b71fb,4ee177e1-6c21-4343-9af0-a9f90eb84e0e
112,7,1,1,1,directed_graph,depth_first_search,'Provide a single-line python list representing the depth-first search of the directed graph starting from the vertex with the smallest value.',images/directed_graph/dg-gen_7-var_1-fmt_1-wid_10-col_fee4b3-fnt_sansserif-shp_o-arw_0-res_512-idn_4ee177e1-6c21-4343-9af0-a9f90eb84e0e.png," [1, 2, 3, 4, 5, 6, 7, 8, 9]","[1, 2, 3, 4, 5, 6, 7, 8, 9]","[1, 2, 3, 4, 5, 6, 7, 8, 9]",True,100.0,sans-serif,#fee4b3,o,1.0,->,9,512,5d110241-6976-40bc-a13c-f27f1e2c9559,4ee177e1-6c21-4343-9af0-a9f90eb84e0e
113,7,1,1,2,directed_graph,depth_first_search,'Provide a single-line python list representing the depth-first search of the directed graph starting from the vertex with the smallest value.',images/directed_graph/dg-gen_7-var_1-fmt_1-wid_10-col_fee4b3-fnt_sansserif-shp_o-arw_0-res_512-idn_4ee177e1-6c21-4343-9af0-a9f90eb84e0e.png," [1, 7, 6, 5, 4, 3, 2, 9, 8]","[1, 7, 6, 5, 4, 3, 2, 9, 8]","[1, 2, 3, 4, 5, 6, 7, 8, 9]",False,22.22222222222222,sans-serif,#fee4b3,o,1.0,->,9,512,5d110241-6976-40bc-a13c-f27f1e2c9559,4ee177e1-6c21-4343-9af0-a9f90eb84e0e
114,7,1,1,3,directed_graph,depth_first_search,'Provide a single-line python list representing the depth-first search of the directed graph starting from the vertex with the smallest value.',images/directed_graph/dg-gen_7-var_1-fmt_1-wid_10-col_fee4b3-fnt_sansserif-shp_o-arw_0-res_512-idn_4ee177e1-6c21-4343-9af0-a9f90eb84e0e.png," [1, 2, 3, 4, 5, 6, 7, 8, 9]","[1, 2, 3, 4, 5, 6, 7, 8, 9]","[1, 2, 3, 4, 5, 6, 7, 8, 9]",True,100.0,sans-serif,#fee4b3,o,1.0,->,9,512,5d110241-6976-40bc-a13c-f27f1e2c9559,4ee177e1-6c21-4343-9af0-a9f90eb84e0e
115,7,1,1,1,directed_graph,adjacency_list,'Provide a single-line python dictionary representing the adjacency list of the directed graph.',images/directed_graph/dg-gen_7-var_1-fmt_1-wid_10-col_fee4b3-fnt_sansserif-shp_o-arw_0-res_512-idn_4ee177e1-6c21-4343-9af0-a9f90eb84e0e.png," ```pythongraph = {1: [2], 2: [3, 4], 3: [5], 4: [6], 5: [7], 6: [1, 7], 7: [8], 8: [9], 9: [7]}```","{1: [2], 2: [3, 4], 3: [5], 4: [6], 5: [7], 6: [1, 7], 7: [8], 8: [9], 9: [7]}","{1: [2, 7], 2: [3], 3: [4], 4: [5, 3], 5: [6], 6: [7], 7: [8], 8: [9], 9: [2]}",False,38.88888888888889,sans-serif,#fee4b3,o,1.0,->,9,512,afc28549-ba98-410c-8743-4a6dbeefc5d8,4ee177e1-6c21-4343-9af0-a9f90eb84e0e
116,7,1,1,3,directed_graph,adjacency_list,'Provide a single-line python dictionary representing the adjacency list of the directed graph.',images/directed_graph/dg-gen_7-var_1-fmt_1-wid_10-col_fee4b3-fnt_sansserif-shp_o-arw_0-res_512-idn_4ee177e1-6c21-4343-9af0-a9f90eb84e0e.png," ```pythongraph = {1: [2, 7], 2: [3, 4], 3: [5], 4: [6], 5: [7], 6: [1, 7], 7: [8], 8: [9], 9: [2]}```","{1: [2, 7], 2: [3, 4], 3: [5], 4: [6], 5: [7], 6: [1, 7], 7: [8], 8: [9], 9: [2]}","{1: [2, 7], 2: [3], 3: [4], 4: [5, 3], 5: [6], 6: [7], 7: [8], 8: [9], 9: [2]}",False,55.55555555555556,sans-serif,#fee4b3,o,1.0,->,9,512,afc28549-ba98-410c-8743-4a6dbeefc5d8,4ee177e1-6c21-4343-9af0-a9f90eb84e0e
117,7,1,1,1,directed_graph,breadth_first_search,'Provide a single-line python list representing the breadth-first search of the directed graph starting from the vertex with the smallest value.',images/directed_graph/dg-gen_7-var_1-fmt_1-wid_10-col_fee4b3-fnt_sansserif-shp_o-arw_1-res_512-idn_00410fc5-5da5-430a-97d1-50c9107d5896.png," [1, 7, 6, 2, 3, 4, 5, 9, 8]","[1, 7, 6, 2, 3, 4, 5, 9, 8]","[1, 2, 7, 3, 8, 4, 9, 5, 6]",False,22.22222222222222,sans-serif,#fee4b3,o,1.0,-|>,9,512,318f6392-4315-41f1-8b91-3a030517babf,00410fc5-5da5-430a-97d1-50c9107d5896
118,7,1,1,2,directed_graph,breadth_first_search,'Provide a single-line python list representing the breadth-first search of the directed graph starting from the vertex with the smallest value.',images/directed_graph/dg-gen_7-var_1-fmt_1-wid_10-col_fee4b3-fnt_sansserif-shp_o-arw_1-res_512-idn_00410fc5-5da5-430a-97d1-50c9107d5896.png," [1, 7, 6, 2, 3, 4, 5, 9, 8]","[1, 7, 6, 2, 3, 4, 5, 9, 8]","[1, 2, 7, 3, 8, 4, 9, 5, 6]",False,22.22222222222222,sans-serif,#fee4b3,o,1.0,-|>,9,512,318f6392-4315-41f1-8b91-3a030517babf,00410fc5-5da5-430a-97d1-50c9107d5896
119,7,1,1,2,directed_graph,adjacency_list,'Provide a single-line python dictionary representing the adjacency list of the directed graph.',images/directed_graph/dg-gen_7-var_1-fmt_1-wid_10-col_fee4b3-fnt_sansserif-shp_o-arw_0-res_512-idn_4ee177e1-6c21-4343-9af0-a9f90eb84e0e.png," ```pythongraph = {1: [2], 2: [3, 4], 3: [5], 4: [6], 5: [7], 6: [1], 7: [8], 8: [9], 9: [7]}```","{1: [2], 2: [3, 4], 3: [5], 4: [6], 5: [7], 6: [1], 7: [8], 8: [9], 9: [7]}","{1: [2, 7], 2: [3], 3: [4], 4: [5, 3], 5: [6], 6: [7], 7: [8], 8: [9], 9: [2]}",False,33.33333333333333,sans-serif,#fee4b3,o,1.0,->,9,512,afc28549-ba98-410c-8743-4a6dbeefc5d8,4ee177e1-6c21-4343-9af0-a9f90eb84e0e
120,7,1,1,3,directed_graph,breadth_first_search,'Provide a single-line python list representing the breadth-first search of the directed graph starting from the vertex with the smallest value.',images/directed_graph/dg-gen_7-var_1-fmt_1-wid_10-col_fee4b3-fnt_sansserif-shp_o-arw_1-res_512-idn_00410fc5-5da5-430a-97d1-50c9107d5896.png," [1, 7, 6, 2, 3, 4, 5, 9, 8]","[1, 7, 6, 2, 3, 4, 5, 9, 8]","[1, 2, 7, 3, 8, 4, 9, 5, 6]",False,22.22222222222222,sans-serif,#fee4b3,o,1.0,-|>,9,512,318f6392-4315-41f1-8b91-3a030517babf,00410fc5-5da5-430a-97d1-50c9107d5896
121,7,1,1,1,directed_graph,depth_first_search,'Provide a single-line python list representing the depth-first search of the directed graph starting from the vertex with the smallest value.',images/directed_graph/dg-gen_7-var_1-fmt_1-wid_10-col_fee4b3-fnt_sansserif-shp_o-arw_1-res_512-idn_00410fc5-5da5-430a-97d1-50c9107d5896.png," [1, 7, 6, 5, 4, 3, 2, 9, 8]","[1, 7, 6, 5, 4, 3, 2, 9, 8]","[1, 2, 3, 4, 5, 6, 7, 8, 9]",False,22.22222222222222,sans-serif,#fee4b3,o,1.0,-|>,9,512,39850f0a-0bca-4368-b152-67f7dc0bddd5,00410fc5-5da5-430a-97d1-50c9107d5896
122,7,1,1,2,directed_graph,depth_first_search,'Provide a single-line python list representing the depth-first search of the directed graph starting from the vertex with the smallest value.',images/directed_graph/dg-gen_7-var_1-fmt_1-wid_10-col_fee4b3-fnt_sansserif-shp_o-arw_1-res_512-idn_00410fc5-5da5-430a-97d1-50c9107d5896.png," [1, 7, 6, 5, 4, 3, 2, 9, 8]","[1, 7, 6, 5, 4, 3, 2, 9, 8]","[1, 2, 3, 4, 5, 6, 7, 8, 9]",False,22.22222222222222,sans-serif,#fee4b3,o,1.0,-|>,9,512,39850f0a-0bca-4368-b152-67f7dc0bddd5,00410fc5-5da5-430a-97d1-50c9107d5896
123,7,1,1,3,directed_graph,depth_first_search,'Provide a single-line python list representing the depth-first search of the directed graph starting from the vertex with the smallest value.',images/directed_graph/dg-gen_7-var_1-fmt_1-wid_10-col_fee4b3-fnt_sansserif-shp_o-arw_1-res_512-idn_00410fc5-5da5-430a-97d1-50c9107d5896.png," [1, 7, 6, 5, 4, 3, 2, 9, 8]","[1, 7, 6, 5, 4, 3, 2, 9, 8]","[1, 2, 3, 4, 5, 6, 7, 8, 9]",False,22.22222222222222,sans-serif,#fee4b3,o,1.0,-|>,9,512,39850f0a-0bca-4368-b152-67f7dc0bddd5,00410fc5-5da5-430a-97d1-50c9107d5896
124,7,1,1,1,directed_graph,adjacency_list,'Provide a single-line python dictionary representing the adjacency list of the directed graph.',images/directed_graph/dg-gen_7-var_1-fmt_1-wid_10-col_fee4b3-fnt_sansserif-shp_o-arw_1-res_512-idn_00410fc5-5da5-430a-97d1-50c9107d5896.png," ```pythongraph = {1: [2], 2: [3], 3: [4, 5], 4: [6], 5: [7], 6: [1, 7], 7: [8], 8: [9], 9: [2]}```","{1: [2], 2: [3], 3: [4, 5], 4: [6], 5: [7], 6: [1, 7], 7: [8], 8: [9], 9: [2]}","{1: [2, 7], 2: [3], 3: [4], 4: [5, 3], 5: [6], 6: [7], 7: [8], 8: [9], 9: [2]}",False,61.111111111111114,sans-serif,#fee4b3,o,1.0,-|>,9,512,403a3bed-ca1a-452c-98b9-7327be956870,00410fc5-5da5-430a-97d1-50c9107d5896
125,7,1,1,2,directed_graph,adjacency_list,'Provide a single-line python dictionary representing the adjacency list of the directed graph.',images/directed_graph/dg-gen_7-var_1-fmt_1-wid_10-col_fee4b3-fnt_sansserif-shp_o-arw_1-res_512-idn_00410fc5-5da5-430a-97d1-50c9107d5896.png," ```pythongraph = {1: [2], 2: [3, 4, 5], 3: [], 4: [5], 5: [6], 6: [7], 7: [8], 8: [9], 9: [1]}```","{1: [2], 2: [3, 4, 5], 3: [], 4: [5], 5: [6], 6: [7], 7: [8], 8: [9], 9: [1]}","{1: [2, 7], 2: [3], 3: [4], 4: [5, 3], 5: [6], 6: [7], 7: [8], 8: [9], 9: [2]}",False,59.25925925925925,sans-serif,#fee4b3,o,1.0,-|>,9,512,403a3bed-ca1a-452c-98b9-7327be956870,00410fc5-5da5-430a-97d1-50c9107d5896
126,7,1,1,3,directed_graph,adjacency_list,'Provide a single-line python dictionary representing the adjacency list of the directed graph.',images/directed_graph/dg-gen_7-var_1-fmt_1-wid_10-col_fee4b3-fnt_sansserif-shp_o-arw_1-res_512-idn_00410fc5-5da5-430a-97d1-50c9107d5896.png," ```pythongraph = {1: [2], 2: [3], 3: [4], 4: [5], 5: [6], 6: [7], 7: [8], 8: [9], 9: [1]}```","{1: [2], 2: [3], 3: [4], 4: [5], 5: [6], 6: [7], 7: [8], 8: [9], 9: [1]}","{1: [2, 7], 2: [3], 3: [4], 4: [5, 3], 5: [6], 6: [7], 7: [8], 8: [9], 9: [2]}",False,77.77777777777779,sans-serif,#fee4b3,o,1.0,-|>,9,512,403a3bed-ca1a-452c-98b9-7327be956870,00410fc5-5da5-430a-97d1-50c9107d5896
