run,n_generation,n_variation,n_format,structure,text_task,text_prompt,image_prompt,model_response,extracted_response,expected_response,match,node_font,node_color,edge_width,task_id,attempt,num_nodes,resolution
1,1,1,1,binary_tree,Provide a single-line python list representing the post-order traversal of the binary tree.,'Provide a single-line python list representing the in-order traversal of the binary tree.',images/binary_tree/bit_run-12_gen-3_var-1_fmt-1_thk-10_clr-abe0f9_fnt-sansserif_res-2048_idn-f3649483-3e5c-4d8d-b89d-7a94c93567d6.png," `[51, 38, 2]`","'51, 38, 2'","[51, 38, 2]",True,sans-serif,#fee4b3,1.0,4a362ca7-9b9f-4e34-97d4-30499111eefa,1,3,256
1,1,1,1,binary_tree,Provide a single-line python list representing the pre-order traversal of the binary tree.,'Provide a single-line python list representing the in-order traversal of the binary tree.',images/binary_tree/bit_run-12_gen-3_var-1_fmt-1_thk-10_clr-abe0f9_fnt-sansserif_res-2048_idn-f3649483-3e5c-4d8d-b89d-7a94c93567d6.png," [2, 51, 38]","'2, 51, 38'","[2, 51, 38]",True,sans-serif,#fee4b3,1.0,a2287a8d-0450-46b7-b9b8-f61fed6f1a60,1,3,256
1,1,1,1,binary_tree,Provide a single-line python list representing the in-order traversal of the binary tree.,'Provide a single-line python list representing the in-order traversal of the binary tree.',images/binary_tree/bit_run-12_gen-3_var-1_fmt-1_thk-10_clr-abe0f9_fnt-sansserif_res-2048_idn-f3649483-3e5c-4d8d-b89d-7a94c93567d6.png," `[51, 2, 38]`","'51, 2, 38'","[51, 2, 38]",True,sans-serif,#fee4b3,1.0,67a34e64-2a23-452c-9dfd-7d03d42d8c45,1,3,256
2,1,1,1,binary_tree,Provide a single-line python list representing the post-order traversal of the binary tree.,'Provide a single-line python list representing the in-order traversal of the binary tree.',images/binary_tree/bit_run-12_gen-3_var-1_fmt-1_thk-10_clr-abe0f9_fnt-sansserif_res-2048_idn-f3649483-3e5c-4d8d-b89d-7a94c93567d6.png," [51, 38, 2]","'51, 38, 2'","[51, 38, 2]",True,sans-serif,#fee4b3,1.0,e45bbdd4-8e43-4420-9a53-34bd23a17181,1,3,512
2,1,1,1,binary_tree,Provide a single-line python list representing the pre-order traversal of the binary tree.,'Provide a single-line python list representing the in-order traversal of the binary tree.',images/binary_tree/bit_run-12_gen-3_var-1_fmt-1_thk-10_clr-abe0f9_fnt-sansserif_res-2048_idn-f3649483-3e5c-4d8d-b89d-7a94c93567d6.png," `[2, 51, 38]`","'2, 51, 38'","[2, 51, 38]",True,sans-serif,#fee4b3,1.0,0fbf263b-d748-44da-8547-fec08cfdd51a,1,3,512
2,1,1,1,binary_tree,Provide a single-line python list representing the in-order traversal of the binary tree.,'Provide a single-line python list representing the in-order traversal of the binary tree.',images/binary_tree/bit_run-12_gen-3_var-1_fmt-1_thk-10_clr-abe0f9_fnt-sansserif_res-2048_idn-f3649483-3e5c-4d8d-b89d-7a94c93567d6.png," [51, 2, 38]","'51, 2, 38'","[51, 2, 38]",True,sans-serif,#fee4b3,1.0,423674d4-6619-4a27-9b3e-228ca5ad1853,1,3,512
3,1,1,1,binary_tree,Provide a single-line python list representing the post-order traversal of the binary tree.,'Provide a single-line python list representing the in-order traversal of the binary tree.',images/binary_tree/bit_run-12_gen-3_var-1_fmt-1_thk-10_clr-abe0f9_fnt-sansserif_res-2048_idn-f3649483-3e5c-4d8d-b89d-7a94c93567d6.png," `[51, 38, 2]`","'51, 38, 2'","[51, 38, 2]",True,sans-serif,#fee4b3,1.0,99484ed4-a778-4034-9913-ed1f58ac54b3,1,3,1024
3,1,1,1,binary_tree,Provide a single-line python list representing the pre-order traversal of the binary tree.,'Provide a single-line python list representing the in-order traversal of the binary tree.',images/binary_tree/bit_run-12_gen-3_var-1_fmt-1_thk-10_clr-abe0f9_fnt-sansserif_res-2048_idn-f3649483-3e5c-4d8d-b89d-7a94c93567d6.png," `[2, 51, 38]`","'2, 51, 38'","[2, 51, 38]",True,sans-serif,#fee4b3,1.0,d2c84d0e-f465-4f49-9c02-081860cf8b18,1,3,1024
3,1,1,1,binary_tree,Provide a single-line python list representing the in-order traversal of the binary tree.,'Provide a single-line python list representing the in-order traversal of the binary tree.',images/binary_tree/bit_run-12_gen-3_var-1_fmt-1_thk-10_clr-abe0f9_fnt-sansserif_res-2048_idn-f3649483-3e5c-4d8d-b89d-7a94c93567d6.png," `[51, 2, 38]`","'51, 2, 38'","[51, 2, 38]",True,sans-serif,#fee4b3,1.0,2d821086-ddc4-406b-9cf5-6142c03fa48d,1,3,1024
4,1,1,1,binary_tree,Provide a single-line python list representing the post-order traversal of the binary tree.,'Provide a single-line python list representing the in-order traversal of the binary tree.',images/binary_tree/bit_run-12_gen-3_var-1_fmt-1_thk-10_clr-abe0f9_fnt-sansserif_res-2048_idn-f3649483-3e5c-4d8d-b89d-7a94c93567d6.png," `[51, 38, 2]`","'51, 38, 2'","[51, 38, 2]",True,sans-serif,#fee4b3,1.0,b63e6aa0-51ae-4bc2-95c6-5715e2b2e4e6,1,3,2048
4,1,1,1,binary_tree,Provide a single-line python list representing the pre-order traversal of the binary tree.,'Provide a single-line python list representing the in-order traversal of the binary tree.',images/binary_tree/bit_run-12_gen-3_var-1_fmt-1_thk-10_clr-abe0f9_fnt-sansserif_res-2048_idn-f3649483-3e5c-4d8d-b89d-7a94c93567d6.png," [2, 51, 38]","'2, 51, 38'","[2, 51, 38]",True,sans-serif,#fee4b3,1.0,14bd5cf0-eb06-424c-bf7b-5d06b4c31db5,1,3,2048
4,1,1,1,binary_tree,Provide a single-line python list representing the in-order traversal of the binary tree.,'Provide a single-line python list representing the in-order traversal of the binary tree.',images/binary_tree/bit_run-12_gen-3_var-1_fmt-1_thk-10_clr-abe0f9_fnt-sansserif_res-2048_idn-f3649483-3e5c-4d8d-b89d-7a94c93567d6.png," `[51, 2, 38]`","'51, 2, 38'","[51, 2, 38]",True,sans-serif,#fee4b3,1.0,d9dc3197-895e-41b1-b284-2383b601dfdf,1,3,2048
5,2,1,1,binary_tree,Provide a single-line python list representing the post-order traversal of the binary tree.,'Provide a single-line python list representing the in-order traversal of the binary tree.',images/binary_tree/bit_run-12_gen-3_var-1_fmt-1_thk-10_clr-abe0f9_fnt-sansserif_res-2048_idn-f3649483-3e5c-4d8d-b89d-7a94c93567d6.png," [83, 15, 69, 9, 12, 84]","'83, 15, 69, 9, 12, 84'","[83, 15, 69, 9, 12, 84]",True,sans-serif,#fee4b3,1.0,6f90f479-b5df-4fbb-9535-7fe4ccd3afd0,1,6,256
5,2,1,1,binary_tree,Provide a single-line python list representing the pre-order traversal of the binary tree.,'Provide a single-line python list representing the in-order traversal of the binary tree.',images/binary_tree/bit_run-12_gen-3_var-1_fmt-1_thk-10_clr-abe0f9_fnt-sansserif_res-2048_idn-f3649483-3e5c-4d8d-b89d-7a94c93567d6.png," `[84, 69, 83, 15, 12, 9]`","'84, 69, 83, 15, 12, 9'","[84, 69, 83, 15, 12, 9]",True,sans-serif,#fee4b3,1.0,a73546de-a4a2-45ea-8996-e20b5c3c30aa,1,6,256
5,2,1,1,binary_tree,Provide a single-line python list representing the in-order traversal of the binary tree.,'Provide a single-line python list representing the in-order traversal of the binary tree.',images/binary_tree/bit_run-12_gen-3_var-1_fmt-1_thk-10_clr-abe0f9_fnt-sansserif_res-2048_idn-f3649483-3e5c-4d8d-b89d-7a94c93567d6.png," `[83, 69, 15, 84, 9, 12]`","'83, 69, 15, 84, 9, 12'","[83, 69, 15, 84, 9, 12]",True,sans-serif,#fee4b3,1.0,587be361-9a28-41b5-ab00-27364a20be3a,1,6,256
6,2,1,1,binary_tree,Provide a single-line python list representing the post-order traversal of the binary tree.,'Provide a single-line python list representing the in-order traversal of the binary tree.',images/binary_tree/bit_run-12_gen-3_var-1_fmt-1_thk-10_clr-abe0f9_fnt-sansserif_res-2048_idn-f3649483-3e5c-4d8d-b89d-7a94c93567d6.png," [83, 15, 69, 9, 12, 84]","'83, 15, 69, 9, 12, 84'","[83, 15, 69, 9, 12, 84]",True,sans-serif,#fee4b3,1.0,3b3b3d97-3bbd-46ed-9596-6ee2912b373b,1,6,512
6,2,1,1,binary_tree,Provide a single-line python list representing the pre-order traversal of the binary tree.,'Provide a single-line python list representing the in-order traversal of the binary tree.',images/binary_tree/bit_run-12_gen-3_var-1_fmt-1_thk-10_clr-abe0f9_fnt-sansserif_res-2048_idn-f3649483-3e5c-4d8d-b89d-7a94c93567d6.png," [84, 69, 83, 15, 12, 9]","'84, 69, 83, 15, 12, 9'","[84, 69, 83, 15, 12, 9]",True,sans-serif,#fee4b3,1.0,fa50543b-ffe6-4ce9-814a-33e9dc597dc6,1,6,512
6,2,1,1,binary_tree,Provide a single-line python list representing the in-order traversal of the binary tree.,'Provide a single-line python list representing the in-order traversal of the binary tree.',images/binary_tree/bit_run-12_gen-3_var-1_fmt-1_thk-10_clr-abe0f9_fnt-sansserif_res-2048_idn-f3649483-3e5c-4d8d-b89d-7a94c93567d6.png," [83, 69, 15, 84, 9, 12]","'83, 69, 15, 84, 9, 12'","[83, 69, 15, 84, 9, 12]",True,sans-serif,#fee4b3,1.0,39e7ba47-805d-4180-bdab-ea508c451681,1,6,512
7,2,1,1,binary_tree,Provide a single-line python list representing the post-order traversal of the binary tree.,'Provide a single-line python list representing the in-order traversal of the binary tree.',images/binary_tree/bit_run-12_gen-3_var-1_fmt-1_thk-10_clr-abe0f9_fnt-sansserif_res-2048_idn-f3649483-3e5c-4d8d-b89d-7a94c93567d6.png," [83, 15, 69, 9, 12, 84]","'83, 15, 69, 9, 12, 84'","[83, 15, 69, 9, 12, 84]",True,sans-serif,#fee4b3,1.0,dc4326da-e96a-479c-ae65-efc345b99a3a,1,6,1024
7,2,1,1,binary_tree,Provide a single-line python list representing the pre-order traversal of the binary tree.,'Provide a single-line python list representing the in-order traversal of the binary tree.',images/binary_tree/bit_run-12_gen-3_var-1_fmt-1_thk-10_clr-abe0f9_fnt-sansserif_res-2048_idn-f3649483-3e5c-4d8d-b89d-7a94c93567d6.png," [84, 69, 83, 15, 12, 9]","'84, 69, 83, 15, 12, 9'","[84, 69, 83, 15, 12, 9]",True,sans-serif,#fee4b3,1.0,68e8e46e-aaa9-4106-ae78-73deac58886a,1,6,1024
7,2,1,1,binary_tree,Provide a single-line python list representing the in-order traversal of the binary tree.,'Provide a single-line python list representing the in-order traversal of the binary tree.',images/binary_tree/bit_run-12_gen-3_var-1_fmt-1_thk-10_clr-abe0f9_fnt-sansserif_res-2048_idn-f3649483-3e5c-4d8d-b89d-7a94c93567d6.png," [83, 69, 15, 84, 9, 12]","'83, 69, 15, 84, 9, 12'","[83, 69, 15, 84, 9, 12]",True,sans-serif,#fee4b3,1.0,eb92ccbb-db3d-4b43-9c47-8f7df8ad3d26,1,6,1024
8,2,1,1,binary_tree,Provide a single-line python list representing the post-order traversal of the binary tree.,'Provide a single-line python list representing the in-order traversal of the binary tree.',images/binary_tree/bit_run-12_gen-3_var-1_fmt-1_thk-10_clr-abe0f9_fnt-sansserif_res-2048_idn-f3649483-3e5c-4d8d-b89d-7a94c93567d6.png," [83, 15, 69, 9, 12, 84]","'83, 15, 69, 9, 12, 84'","[83, 15, 69, 9, 12, 84]",True,sans-serif,#fee4b3,1.0,62694b31-184d-4cfd-96ee-b53076ddc2ce,1,6,2048
8,2,1,1,binary_tree,Provide a single-line python list representing the pre-order traversal of the binary tree.,'Provide a single-line python list representing the in-order traversal of the binary tree.',images/binary_tree/bit_run-12_gen-3_var-1_fmt-1_thk-10_clr-abe0f9_fnt-sansserif_res-2048_idn-f3649483-3e5c-4d8d-b89d-7a94c93567d6.png," [84, 69, 83, 15, 12, 9]","'84, 69, 83, 15, 12, 9'","[84, 69, 83, 15, 12, 9]",True,sans-serif,#fee4b3,1.0,cef90139-1b9d-4953-ae7b-c8e680830dfc,1,6,2048
8,2,1,1,binary_tree,Provide a single-line python list representing the in-order traversal of the binary tree.,'Provide a single-line python list representing the in-order traversal of the binary tree.',images/binary_tree/bit_run-12_gen-3_var-1_fmt-1_thk-10_clr-abe0f9_fnt-sansserif_res-2048_idn-f3649483-3e5c-4d8d-b89d-7a94c93567d6.png," [83, 69, 15, 84, 9, 12]","'83, 69, 15, 84, 9, 12'","[83, 69, 15, 84, 9, 12]",True,sans-serif,#fee4b3,1.0,49b4aaa8-a7c4-460e-9594-c3d538b3f32b,1,6,2048
9,3,1,1,binary_tree,Provide a single-line python list representing the post-order traversal of the binary tree.,'Provide a single-line python list representing the in-order traversal of the binary tree.',images/binary_tree/bit_run-12_gen-3_var-1_fmt-1_thk-10_clr-abe0f9_fnt-sansserif_res-2048_idn-f3649483-3e5c-4d8d-b89d-7a94c93567d6.png," `[44, 68, 79, 73, 28, 92, 55, 57, 62]`","'44, 68, 79, 73, 28, 92, 55, 57, 62'","[44, 68, 79, 73, 28, 92, 55, 57, 62]",True,sans-serif,#fee4b3,1.0,05b14f84-4a8b-43b1-afb7-6aded1c9c72e,1,9,256
9,3,1,1,binary_tree,Provide a single-line python list representing the pre-order traversal of the binary tree.,'Provide a single-line python list representing the in-order traversal of the binary tree.',images/binary_tree/bit_run-12_gen-3_var-1_fmt-1_thk-10_clr-abe0f9_fnt-sansserif_res-2048_idn-f3649483-3e5c-4d8d-b89d-7a94c93567d6.png," `[62, 28, 79, 44, 68, 73, 57, 92, 55]`","'62, 28, 79, 44, 68, 73, 57, 92, 55'","[62, 28, 79, 44, 68, 73, 57, 92, 55]",True,sans-serif,#fee4b3,1.0,08f30f77-5e3a-48ff-99a2-4881abf7c8ee,1,9,256
9,3,1,1,binary_tree,Provide a single-line python list representing the in-order traversal of the binary tree.,'Provide a single-line python list representing the in-order traversal of the binary tree.',images/binary_tree/bit_run-12_gen-3_var-1_fmt-1_thk-10_clr-abe0f9_fnt-sansserif_res-2048_idn-f3649483-3e5c-4d8d-b89d-7a94c93567d6.png," [79, 44, 68, 28, 73, 62, 92, 57, 55]","'79, 44, 68, 28, 73, 62, 92, 57, 55'","[44, 79, 68, 28, 73, 62, 92, 57, 55]",False,sans-serif,#fee4b3,1.0,61c042c5-08cb-444a-8324-9b65f3e19ae6,1,9,256
10,3,1,1,binary_tree,Provide a single-line python list representing the post-order traversal of the binary tree.,'Provide a single-line python list representing the in-order traversal of the binary tree.',images/binary_tree/bit_run-12_gen-3_var-1_fmt-1_thk-10_clr-abe0f9_fnt-sansserif_res-2048_idn-f3649483-3e5c-4d8d-b89d-7a94c93567d6.png," [44, 68, 79, 73, 28, 92, 55, 57, 62]","'44, 68, 79, 73, 28, 92, 55, 57, 62'","[44, 68, 79, 73, 28, 92, 55, 57, 62]",True,sans-serif,#fee4b3,1.0,7d2b91b5-6aa8-429e-93d8-18a268460560,1,9,512
10,3,1,1,binary_tree,Provide a single-line python list representing the pre-order traversal of the binary tree.,'Provide a single-line python list representing the in-order traversal of the binary tree.',images/binary_tree/bit_run-12_gen-3_var-1_fmt-1_thk-10_clr-abe0f9_fnt-sansserif_res-2048_idn-f3649483-3e5c-4d8d-b89d-7a94c93567d6.png," [62, 28, 79, 44, 68, 73, 57, 92, 55]","'62, 28, 79, 44, 68, 73, 57, 92, 55'","[62, 28, 79, 44, 68, 73, 57, 92, 55]",True,sans-serif,#fee4b3,1.0,b70276d0-a751-4623-843a-a40e64bfe259,1,9,512
10,3,1,1,binary_tree,Provide a single-line python list representing the in-order traversal of the binary tree.,'Provide a single-line python list representing the in-order traversal of the binary tree.',images/binary_tree/bit_run-12_gen-3_var-1_fmt-1_thk-10_clr-abe0f9_fnt-sansserif_res-2048_idn-f3649483-3e5c-4d8d-b89d-7a94c93567d6.png," [79, 44, 68, 28, 73, 62, 92, 57, 55]","'79, 44, 68, 28, 73, 62, 92, 57, 55'","[44, 79, 68, 28, 73, 62, 92, 57, 55]",False,sans-serif,#fee4b3,1.0,061177d3-1ad4-4f1b-9ab6-bc83016b876b,1,9,512
11,3,1,1,binary_tree,Provide a single-line python list representing the post-order traversal of the binary tree.,'Provide a single-line python list representing the in-order traversal of the binary tree.',images/binary_tree/bit_run-12_gen-3_var-1_fmt-1_thk-10_clr-abe0f9_fnt-sansserif_res-2048_idn-f3649483-3e5c-4d8d-b89d-7a94c93567d6.png," [44, 68, 79, 73, 28, 92, 55, 57, 62]","'44, 68, 79, 73, 28, 92, 55, 57, 62'","[44, 68, 79, 73, 28, 92, 55, 57, 62]",True,sans-serif,#fee4b3,1.0,cb61bb71-b421-4237-8096-49481f32957b,1,9,1024
11,3,1,1,binary_tree,Provide a single-line python list representing the pre-order traversal of the binary tree.,'Provide a single-line python list representing the in-order traversal of the binary tree.',images/binary_tree/bit_run-12_gen-3_var-1_fmt-1_thk-10_clr-abe0f9_fnt-sansserif_res-2048_idn-f3649483-3e5c-4d8d-b89d-7a94c93567d6.png," [62, 28, 79, 44, 68, 73, 57, 92, 55]","'62, 28, 79, 44, 68, 73, 57, 92, 55'","[62, 28, 79, 44, 68, 73, 57, 92, 55]",True,sans-serif,#fee4b3,1.0,54643664-8693-42a6-89ab-afec5d3d0b44,1,9,1024
11,3,1,1,binary_tree,Provide a single-line python list representing the in-order traversal of the binary tree.,'Provide a single-line python list representing the in-order traversal of the binary tree.',images/binary_tree/bit_run-12_gen-3_var-1_fmt-1_thk-10_clr-abe0f9_fnt-sansserif_res-2048_idn-f3649483-3e5c-4d8d-b89d-7a94c93567d6.png," [44, 79, 68, 28, 73, 62, 92, 57, 55]","'44, 79, 68, 28, 73, 62, 92, 57, 55'","[44, 79, 68, 28, 73, 62, 92, 57, 55]",True,sans-serif,#fee4b3,1.0,f9d71b13-3b29-481b-b869-d5b3a4e2e5e6,1,9,1024
12,3,1,1,binary_tree,Provide a single-line python list representing the post-order traversal of the binary tree.,'Provide a single-line python list representing the in-order traversal of the binary tree.',images/binary_tree/bit_run-12_gen-3_var-1_fmt-1_thk-10_clr-abe0f9_fnt-sansserif_res-2048_idn-f3649483-3e5c-4d8d-b89d-7a94c93567d6.png," [44, 68, 79, 73, 28, 92, 55, 57, 62]","'44, 68, 79, 73, 28, 92, 55, 57, 62'","[44, 68, 79, 73, 28, 92, 55, 57, 62]",True,sans-serif,#fee4b3,1.0,460dadc9-2136-4d36-8dad-b164412402f9,1,9,2048
12,3,1,1,binary_tree,Provide a single-line python list representing the pre-order traversal of the binary tree.,'Provide a single-line python list representing the in-order traversal of the binary tree.',images/binary_tree/bit_run-12_gen-3_var-1_fmt-1_thk-10_clr-abe0f9_fnt-sansserif_res-2048_idn-f3649483-3e5c-4d8d-b89d-7a94c93567d6.png," [62, 28, 79, 44, 68, 73, 57, 92, 55]","'62, 28, 79, 44, 68, 73, 57, 92, 55'","[62, 28, 79, 44, 68, 73, 57, 92, 55]",True,sans-serif,#fee4b3,1.0,2615c152-775c-49c1-89ce-ea112e92653c,1,9,2048
12,3,1,1,binary_tree,Provide a single-line python list representing the in-order traversal of the binary tree.,'Provide a single-line python list representing the in-order traversal of the binary tree.',images/binary_tree/bit_run-12_gen-3_var-1_fmt-1_thk-10_clr-abe0f9_fnt-sansserif_res-2048_idn-f3649483-3e5c-4d8d-b89d-7a94c93567d6.png," [79, 44, 68, 28, 73, 62, 92, 57, 55]","'79, 44, 68, 28, 73, 62, 92, 57, 55'","[44, 79, 68, 28, 73, 62, 92, 57, 55]",False,sans-serif,#fee4b3,1.0,89b03457-3779-4b21-bd18-34520f112dc3,1,9,2048
1,1,1,1,undirected_graph,Provide a single-line python dictionary representing the adjacency list of the undirected graph.,'Provide a single-line python list representing the breadth-first search of the undirected graph starting from the vertex with the smallest value.',images/undirected_graph/ug_run-12_gen-3_var-1_fmt-1_thk-10_clr-abe0f9_fnt-sansserif_res-2048_idn-c2e82b54-9d50-46ae-9cb1-c27c4bcc1f65.png," ```python\n{1: [2, 3], 2: [1, 3], 3: [1, 2]}\n```","'1: [2, 3], 2: [1, 3], 3: [1, 2]'","{1: [2, 3], 2: [1, 3], 3: [2, 1]}",False,sans-serif,#fee4b3,1.0,444be3fd-335e-46d0-9b21-98943daee5e2,1,3,256
1,1,1,1,undirected_graph,Provide a single-line python list representing the depth-first search of the undirected graph starting from the vertex with the smallest value.,'Provide a single-line python list representing the breadth-first search of the undirected graph starting from the vertex with the smallest value.',images/undirected_graph/ug_run-12_gen-3_var-1_fmt-1_thk-10_clr-abe0f9_fnt-sansserif_res-2048_idn-c2e82b54-9d50-46ae-9cb1-c27c4bcc1f65.png," [1, 2, 3]","'1, 2, 3'","[1, 2, 3]",True,sans-serif,#fee4b3,1.0,e511fc48-e799-453c-98e7-f231cc220f05,1,3,256
1,1,1,1,undirected_graph,Provide a single-line python list representing the breadth-first search of the undirected graph starting from the vertex with the smallest value.,'Provide a single-line python list representing the breadth-first search of the undirected graph starting from the vertex with the smallest value.',images/undirected_graph/ug_run-12_gen-3_var-1_fmt-1_thk-10_clr-abe0f9_fnt-sansserif_res-2048_idn-c2e82b54-9d50-46ae-9cb1-c27c4bcc1f65.png," [1, 2, 3]","'1, 2, 3'","[1, 2, 3]",True,sans-serif,#fee4b3,1.0,eebad551-7af9-41ea-b018-892fff06b579,1,3,256
2,1,1,1,undirected_graph,Provide a single-line python dictionary representing the adjacency list of the undirected graph.,'Provide a single-line python list representing the breadth-first search of the undirected graph starting from the vertex with the smallest value.',images/undirected_graph/ug_run-12_gen-3_var-1_fmt-1_thk-10_clr-abe0f9_fnt-sansserif_res-2048_idn-c2e82b54-9d50-46ae-9cb1-c27c4bcc1f65.png," ```python\ngraph = {1: [2, 3], 2: [1, 3], 3: [1, 2]}\n```","'1: [2, 3], 2: [1, 3], 3: [1, 2]'","{1: [2, 3], 2: [1, 3], 3: [2, 1]}",False,sans-serif,#fee4b3,1.0,2e339b79-8f93-4409-a993-4e5e6239f362,1,3,512
2,1,1,1,undirected_graph,Provide a single-line python list representing the depth-first search of the undirected graph starting from the vertex with the smallest value.,'Provide a single-line python list representing the breadth-first search of the undirected graph starting from the vertex with the smallest value.',images/undirected_graph/ug_run-12_gen-3_var-1_fmt-1_thk-10_clr-abe0f9_fnt-sansserif_res-2048_idn-c2e82b54-9d50-46ae-9cb1-c27c4bcc1f65.png," `[1, 2, 3]`","'1, 2, 3'","[1, 2, 3]",True,sans-serif,#fee4b3,1.0,48d422dd-d0bb-4974-bd82-5b31b8a57f5e,1,3,512
2,1,1,1,undirected_graph,Provide a single-line python list representing the breadth-first search of the undirected graph starting from the vertex with the smallest value.,'Provide a single-line python list representing the breadth-first search of the undirected graph starting from the vertex with the smallest value.',images/undirected_graph/ug_run-12_gen-3_var-1_fmt-1_thk-10_clr-abe0f9_fnt-sansserif_res-2048_idn-c2e82b54-9d50-46ae-9cb1-c27c4bcc1f65.png," [1, 2, 3]","'1, 2, 3'","[1, 2, 3]",True,sans-serif,#fee4b3,1.0,27129093-7d4e-4cd7-8f95-042d0fc24603,1,3,512
3,1,1,1,undirected_graph,Provide a single-line python dictionary representing the adjacency list of the undirected graph.,'Provide a single-line python list representing the breadth-first search of the undirected graph starting from the vertex with the smallest value.',images/undirected_graph/ug_run-12_gen-3_var-1_fmt-1_thk-10_clr-abe0f9_fnt-sansserif_res-2048_idn-c2e82b54-9d50-46ae-9cb1-c27c4bcc1f65.png," ```python\ngraph = {1: [2, 3], 2: [1, 3], 3: [1, 2]}\n```","'1: [2, 3], 2: [1, 3], 3: [1, 2]'","{1: [2, 3], 2: [1, 3], 3: [2, 1]}",False,sans-serif,#fee4b3,1.0,dedce9e0-dd06-46a2-b513-4049b44b1664,1,3,1024
3,1,1,1,undirected_graph,Provide a single-line python list representing the depth-first search of the undirected graph starting from the vertex with the smallest value.,'Provide a single-line python list representing the breadth-first search of the undirected graph starting from the vertex with the smallest value.',images/undirected_graph/ug_run-12_gen-3_var-1_fmt-1_thk-10_clr-abe0f9_fnt-sansserif_res-2048_idn-c2e82b54-9d50-46ae-9cb1-c27c4bcc1f65.png," `[1, 2, 3]`","'1, 2, 3'","[1, 2, 3]",True,sans-serif,#fee4b3,1.0,753fc190-6c6e-4e2e-ba53-b6adba10868d,1,3,1024
3,1,1,1,undirected_graph,Provide a single-line python list representing the breadth-first search of the undirected graph starting from the vertex with the smallest value.,'Provide a single-line python list representing the breadth-first search of the undirected graph starting from the vertex with the smallest value.',images/undirected_graph/ug_run-12_gen-3_var-1_fmt-1_thk-10_clr-abe0f9_fnt-sansserif_res-2048_idn-c2e82b54-9d50-46ae-9cb1-c27c4bcc1f65.png," `[1, 2, 3]`","'1, 2, 3'","[1, 2, 3]",True,sans-serif,#fee4b3,1.0,6f8fa6ad-7da3-4744-8d4b-776461beb9f9,1,3,1024
4,1,1,1,undirected_graph,Provide a single-line python dictionary representing the adjacency list of the undirected graph.,'Provide a single-line python list representing the breadth-first search of the undirected graph starting from the vertex with the smallest value.',images/undirected_graph/ug_run-12_gen-3_var-1_fmt-1_thk-10_clr-abe0f9_fnt-sansserif_res-2048_idn-c2e82b54-9d50-46ae-9cb1-c27c4bcc1f65.png," ```python\ngraph = {1: [2, 3], 2: [1, 3], 3: [1, 2]}\n```","'1: [2, 3], 2: [1, 3], 3: [1, 2]'","{1: [2, 3], 2: [1, 3], 3: [2, 1]}",False,sans-serif,#fee4b3,1.0,dec62d82-bfc9-4885-88d7-417d778a9eb3,1,3,2048
4,1,1,1,undirected_graph,Provide a single-line python list representing the depth-first search of the undirected graph starting from the vertex with the smallest value.,'Provide a single-line python list representing the breadth-first search of the undirected graph starting from the vertex with the smallest value.',images/undirected_graph/ug_run-12_gen-3_var-1_fmt-1_thk-10_clr-abe0f9_fnt-sansserif_res-2048_idn-c2e82b54-9d50-46ae-9cb1-c27c4bcc1f65.png," `[1, 2, 3]`","'1, 2, 3'","[1, 2, 3]",True,sans-serif,#fee4b3,1.0,113c0f50-514c-40bf-ad4b-14b64afa6c47,1,3,2048
4,1,1,1,undirected_graph,Provide a single-line python list representing the breadth-first search of the undirected graph starting from the vertex with the smallest value.,'Provide a single-line python list representing the breadth-first search of the undirected graph starting from the vertex with the smallest value.',images/undirected_graph/ug_run-12_gen-3_var-1_fmt-1_thk-10_clr-abe0f9_fnt-sansserif_res-2048_idn-c2e82b54-9d50-46ae-9cb1-c27c4bcc1f65.png," ```python\n[1, 2, 3]\n```","'1, 2, 3'","[1, 2, 3]",True,sans-serif,#fee4b3,1.0,2dcc0d7b-961c-4349-a1f6-f8aca742708a,1,3,2048
5,2,1,1,undirected_graph,Provide a single-line python dictionary representing the adjacency list of the undirected graph.,'Provide a single-line python list representing the breadth-first search of the undirected graph starting from the vertex with the smallest value.',images/undirected_graph/ug_run-12_gen-3_var-1_fmt-1_thk-10_clr-abe0f9_fnt-sansserif_res-2048_idn-c2e82b54-9d50-46ae-9cb1-c27c4bcc1f65.png," ```python\ngraph = {1: [2, 3], 2: [1, 3, 4], 3: [1, 2, 4, 5], 4: [2, 3, 5], 5: [3, 4, 6], 6: [5]}\n```","'1: [2, 3], 2: [1, 3, 4], 3: [1, 2, 4, 5], 4: [2, 3, 5], 5: [3, 4, 6], 6: [5]'","{1: [2, 3], 2: [1, 3, 5, 4], 3: [2, 4, 1], 4: [3, 5, 2], 5: [4, 6, 2], 6: [5]}",False,sans-serif,#fee4b3,1.0,1ee2ae78-d6e3-4f88-8216-574a6d623707,1,6,256
5,2,1,1,undirected_graph,Provide a single-line python list representing the depth-first search of the undirected graph starting from the vertex with the smallest value.,'Provide a single-line python list representing the breadth-first search of the undirected graph starting from the vertex with the smallest value.',images/undirected_graph/ug_run-12_gen-3_var-1_fmt-1_thk-10_clr-abe0f9_fnt-sansserif_res-2048_idn-c2e82b54-9d50-46ae-9cb1-c27c4bcc1f65.png," [1, 2, 3, 4, 5, 6]","'1, 2, 3, 4, 5, 6'","[1, 2, 3, 4, 5, 6]",True,sans-serif,#fee4b3,1.0,3dd6d693-681f-42a1-868b-31c4ea2d4ea6,1,6,256
5,2,1,1,undirected_graph,Provide a single-line python list representing the breadth-first search of the undirected graph starting from the vertex with the smallest value.,'Provide a single-line python list representing the breadth-first search of the undirected graph starting from the vertex with the smallest value.',images/undirected_graph/ug_run-12_gen-3_var-1_fmt-1_thk-10_clr-abe0f9_fnt-sansserif_res-2048_idn-c2e82b54-9d50-46ae-9cb1-c27c4bcc1f65.png," [1, 2, 3, 4, 5, 6]","'1, 2, 3, 4, 5, 6'","[1, 2, 3, 5, 4, 6]",False,sans-serif,#fee4b3,1.0,f2e3e243-2ee6-4202-8eb3-dd30431f54ca,1,6,256
6,2,1,1,undirected_graph,Provide a single-line python dictionary representing the adjacency list of the undirected graph.,'Provide a single-line python list representing the breadth-first search of the undirected graph starting from the vertex with the smallest value.',images/undirected_graph/ug_run-12_gen-3_var-1_fmt-1_thk-10_clr-abe0f9_fnt-sansserif_res-2048_idn-c2e82b54-9d50-46ae-9cb1-c27c4bcc1f65.png," ```python\ngraph = {1: [2, 3], 2: [1, 3, 4], 3: [1, 2, 4], 4: [2, 3, 5], 5: [4, 6], 6: [5]}\n```","'1: [2, 3], 2: [1, 3, 4], 3: [1, 2, 4], 4: [2, 3, 5], 5: [4, 6], 6: [5]'","{1: [2, 3], 2: [1, 3, 5, 4], 3: [2, 4, 1], 4: [3, 5, 2], 5: [4, 6, 2], 6: [5]}",False,sans-serif,#fee4b3,1.0,b976c978-3f7d-45f5-89c8-789567a02f90,1,6,512
6,2,1,1,undirected_graph,Provide a single-line python list representing the depth-first search of the undirected graph starting from the vertex with the smallest value.,'Provide a single-line python list representing the breadth-first search of the undirected graph starting from the vertex with the smallest value.',images/undirected_graph/ug_run-12_gen-3_var-1_fmt-1_thk-10_clr-abe0f9_fnt-sansserif_res-2048_idn-c2e82b54-9d50-46ae-9cb1-c27c4bcc1f65.png," [1, 2, 4, 5, 6, 3]","'1, 2, 4, 5, 6, 3'","[1, 2, 3, 4, 5, 6]",False,sans-serif,#fee4b3,1.0,69253ecc-d50e-437b-9341-54ac6e425799,1,6,512
6,2,1,1,undirected_graph,Provide a single-line python list representing the breadth-first search of the undirected graph starting from the vertex with the smallest value.,'Provide a single-line python list representing the breadth-first search of the undirected graph starting from the vertex with the smallest value.',images/undirected_graph/ug_run-12_gen-3_var-1_fmt-1_thk-10_clr-abe0f9_fnt-sansserif_res-2048_idn-c2e82b54-9d50-46ae-9cb1-c27c4bcc1f65.png," [2, 4, 5, 1, 3, 6]","'2, 4, 5, 1, 3, 6'","[1, 2, 3, 5, 4, 6]",False,sans-serif,#fee4b3,1.0,bc80f674-7009-4ff0-ae19-d2c929e2db50,1,6,512
7,2,1,1,undirected_graph,Provide a single-line python dictionary representing the adjacency list of the undirected graph.,'Provide a single-line python list representing the breadth-first search of the undirected graph starting from the vertex with the smallest value.',images/undirected_graph/ug_run-12_gen-3_var-1_fmt-1_thk-10_clr-abe0f9_fnt-sansserif_res-2048_idn-c2e82b54-9d50-46ae-9cb1-c27c4bcc1f65.png," ```python\ngraph = {1: [2, 3], 2: [1, 3, 4], 3: [1, 2, 4, 5], 4: [2, 3, 5], 5: [3, 4, 6], 6: [5]}\n```","'1: [2, 3], 2: [1, 3, 4], 3: [1, 2, 4, 5], 4: [2, 3, 5], 5: [3, 4, 6], 6: [5]'","{1: [2, 3], 2: [1, 3, 5, 4], 3: [2, 4, 1], 4: [3, 5, 2], 5: [4, 6, 2], 6: [5]}",False,sans-serif,#fee4b3,1.0,dbd6a2a5-c17f-4fb6-bfed-fbdd4ca9eebc,1,6,1024
7,2,1,1,undirected_graph,Provide a single-line python list representing the depth-first search of the undirected graph starting from the vertex with the smallest value.,'Provide a single-line python list representing the breadth-first search of the undirected graph starting from the vertex with the smallest value.',images/undirected_graph/ug_run-12_gen-3_var-1_fmt-1_thk-10_clr-abe0f9_fnt-sansserif_res-2048_idn-c2e82b54-9d50-46ae-9cb1-c27c4bcc1f65.png," [1, 2, 3, 4, 5, 6]","'1, 2, 3, 4, 5, 6'","[1, 2, 3, 4, 5, 6]",True,sans-serif,#fee4b3,1.0,ff7d4988-7144-4720-a01a-e65c5101d3c5,1,6,1024
7,2,1,1,undirected_graph,Provide a single-line python list representing the breadth-first search of the undirected graph starting from the vertex with the smallest value.,'Provide a single-line python list representing the breadth-first search of the undirected graph starting from the vertex with the smallest value.',images/undirected_graph/ug_run-12_gen-3_var-1_fmt-1_thk-10_clr-abe0f9_fnt-sansserif_res-2048_idn-c2e82b54-9d50-46ae-9cb1-c27c4bcc1f65.png," [1, 2, 3, 4, 5, 6]","'1, 2, 3, 4, 5, 6'","[1, 2, 3, 5, 4, 6]",False,sans-serif,#fee4b3,1.0,36315270-ae78-4b69-bc69-46bdd4678c7f,1,6,1024
8,2,1,1,undirected_graph,Provide a single-line python dictionary representing the adjacency list of the undirected graph.,'Provide a single-line python list representing the breadth-first search of the undirected graph starting from the vertex with the smallest value.',images/undirected_graph/ug_run-12_gen-3_var-1_fmt-1_thk-10_clr-abe0f9_fnt-sansserif_res-2048_idn-c2e82b54-9d50-46ae-9cb1-c27c4bcc1f65.png," ```python\ngraph = {1: [2, 3], 2: [1, 3, 4], 3: [1, 2, 4, 5], 4: [2, 3, 5], 5: [3, 4, 6], 6: [5]}\n```","'1: [2, 3], 2: [1, 3, 4], 3: [1, 2, 4, 5], 4: [2, 3, 5], 5: [3, 4, 6], 6: [5]'","{1: [2, 3], 2: [1, 3, 5, 4], 3: [2, 4, 1], 4: [3, 5, 2], 5: [4, 6, 2], 6: [5]}",False,sans-serif,#fee4b3,1.0,aa7e5f8f-a38b-43dc-b76a-6b58e94aef3e,1,6,2048
8,2,1,1,undirected_graph,Provide a single-line python list representing the depth-first search of the undirected graph starting from the vertex with the smallest value.,'Provide a single-line python list representing the breadth-first search of the undirected graph starting from the vertex with the smallest value.',images/undirected_graph/ug_run-12_gen-3_var-1_fmt-1_thk-10_clr-abe0f9_fnt-sansserif_res-2048_idn-c2e82b54-9d50-46ae-9cb1-c27c4bcc1f65.png," [1, 2, 3, 4, 5, 6]","'1, 2, 3, 4, 5, 6'","[1, 2, 3, 4, 5, 6]",True,sans-serif,#fee4b3,1.0,5f85f135-eb4d-4861-a734-a3bfab77cb51,1,6,2048
8,2,1,1,undirected_graph,Provide a single-line python list representing the breadth-first search of the undirected graph starting from the vertex with the smallest value.,'Provide a single-line python list representing the breadth-first search of the undirected graph starting from the vertex with the smallest value.',images/undirected_graph/ug_run-12_gen-3_var-1_fmt-1_thk-10_clr-abe0f9_fnt-sansserif_res-2048_idn-c2e82b54-9d50-46ae-9cb1-c27c4bcc1f65.png," [1, 2, 3, 4, 5, 6]","'1, 2, 3, 4, 5, 6'","[1, 2, 3, 5, 4, 6]",False,sans-serif,#fee4b3,1.0,bd20dea9-959e-4293-88b5-01279265ff96,1,6,2048
9,3,1,1,undirected_graph,Provide a single-line python dictionary representing the adjacency list of the undirected graph.,'Provide a single-line python list representing the breadth-first search of the undirected graph starting from the vertex with the smallest value.',images/undirected_graph/ug_run-12_gen-3_var-1_fmt-1_thk-10_clr-abe0f9_fnt-sansserif_res-2048_idn-c2e82b54-9d50-46ae-9cb1-c27c4bcc1f65.png," ```python\ngraph = {1: [2, 9], 2: [1, 3], 3: [2, 4], 4: [3, 5], 5: [4, 6], 6: [5, 7], 7: [6, 8], 8: [7, 9], 9: [8, 1]}\n```","'1: [2, 9], 2: [1, 3], 3: [2, 4], 4: [3, 5], 5: [4, 6], 6: [5, 7], 7: [6, 8], 8: [7, 9], 9: [8, 1]'","{1: [2, 9], 2: [1, 3], 3: [2, 4], 4: [3, 5], 5: [4, 6], 6: [5, 7], 7: [6, 8], 8: [7, 9], 9: [8, 1]}",True,sans-serif,#fee4b3,1.0,82022976-c99c-4e9a-9f57-c6a03ffa35de,1,9,256
9,3,1,1,undirected_graph,Provide a single-line python list representing the depth-first search of the undirected graph starting from the vertex with the smallest value.,'Provide a single-line python list representing the breadth-first search of the undirected graph starting from the vertex with the smallest value.',images/undirected_graph/ug_run-12_gen-3_var-1_fmt-1_thk-10_clr-abe0f9_fnt-sansserif_res-2048_idn-c2e82b54-9d50-46ae-9cb1-c27c4bcc1f65.png," [1, 9, 8, 7, 6, 5, 4, 3, 2]","'1, 9, 8, 7, 6, 5, 4, 3, 2'","[1, 2, 3, 4, 5, 6, 7, 8, 9]",False,sans-serif,#fee4b3,1.0,b0d74dd6-bbd2-42e5-9806-4c792dccd5ab,1,9,256
9,3,1,1,undirected_graph,Provide a single-line python list representing the breadth-first search of the undirected graph starting from the vertex with the smallest value.,'Provide a single-line python list representing the breadth-first search of the undirected graph starting from the vertex with the smallest value.',images/undirected_graph/ug_run-12_gen-3_var-1_fmt-1_thk-10_clr-abe0f9_fnt-sansserif_res-2048_idn-c2e82b54-9d50-46ae-9cb1-c27c4bcc1f65.png," [1, 9, 8, 7, 6, 5, 4, 3, 2]","'1, 9, 8, 7, 6, 5, 4, 3, 2'","[1, 2, 9, 3, 8, 4, 7, 5, 6]",False,sans-serif,#fee4b3,1.0,3d0f3dd4-b852-4755-ae98-99c8fe83d63f,1,9,256
10,3,1,1,undirected_graph,Provide a single-line python dictionary representing the adjacency list of the undirected graph.,'Provide a single-line python list representing the breadth-first search of the undirected graph starting from the vertex with the smallest value.',images/undirected_graph/ug_run-12_gen-3_var-1_fmt-1_thk-10_clr-abe0f9_fnt-sansserif_res-2048_idn-c2e82b54-9d50-46ae-9cb1-c27c4bcc1f65.png," ```python\ngraph = {1: [2, 9], 2: [1, 3], 3: [2, 4], 4: [3, 5], 5: [4, 6], 6: [5, 7], 7: [6, 8], 8: [7, 9], 9: [1, 8]}\n```","'1: [2, 9], 2: [1, 3], 3: [2, 4], 4: [3, 5], 5: [4, 6], 6: [5, 7], 7: [6, 8], 8: [7, 9], 9: [1, 8]'","{1: [2, 9], 2: [1, 3], 3: [2, 4], 4: [3, 5], 5: [4, 6], 6: [5, 7], 7: [6, 8], 8: [7, 9], 9: [8, 1]}",False,sans-serif,#fee4b3,1.0,7e8319fc-c23b-47df-8e8f-154303da2860,1,9,512
10,3,1,1,undirected_graph,Provide a single-line python list representing the depth-first search of the undirected graph starting from the vertex with the smallest value.,'Provide a single-line python list representing the breadth-first search of the undirected graph starting from the vertex with the smallest value.',images/undirected_graph/ug_run-12_gen-3_var-1_fmt-1_thk-10_clr-abe0f9_fnt-sansserif_res-2048_idn-c2e82b54-9d50-46ae-9cb1-c27c4bcc1f65.png," [1, 9, 8, 7, 6, 5, 4, 3, 2]","'1, 9, 8, 7, 6, 5, 4, 3, 2'","[1, 2, 3, 4, 5, 6, 7, 8, 9]",False,sans-serif,#fee4b3,1.0,c9a7fcaf-e72d-48e6-9cf5-fcaa17ab245b,1,9,512
10,3,1,1,undirected_graph,Provide a single-line python list representing the breadth-first search of the undirected graph starting from the vertex with the smallest value.,'Provide a single-line python list representing the breadth-first search of the undirected graph starting from the vertex with the smallest value.',images/undirected_graph/ug_run-12_gen-3_var-1_fmt-1_thk-10_clr-abe0f9_fnt-sansserif_res-2048_idn-c2e82b54-9d50-46ae-9cb1-c27c4bcc1f65.png," [1, 9, 8, 7, 6, 5, 4, 3, 2]","'1, 9, 8, 7, 6, 5, 4, 3, 2'","[1, 2, 9, 3, 8, 4, 7, 5, 6]",False,sans-serif,#fee4b3,1.0,b73b5996-ac92-496d-ab78-bd8196761654,1,9,512
11,3,1,1,undirected_graph,Provide a single-line python dictionary representing the adjacency list of the undirected graph.,'Provide a single-line python list representing the breadth-first search of the undirected graph starting from the vertex with the smallest value.',images/undirected_graph/ug_run-12_gen-3_var-1_fmt-1_thk-10_clr-abe0f9_fnt-sansserif_res-2048_idn-c2e82b54-9d50-46ae-9cb1-c27c4bcc1f65.png," ```python\ngraph = {1: [2, 9], 2: [1, 3], 3: [2, 4], 4: [3, 5], 5: [4, 6], 6: [5, 7], 7: [6, 8], 8: [7, 9], 9: [1, 8]}\n```","'1: [2, 9], 2: [1, 3], 3: [2, 4], 4: [3, 5], 5: [4, 6], 6: [5, 7], 7: [6, 8], 8: [7, 9], 9: [1, 8]'","{1: [2, 9], 2: [1, 3], 3: [2, 4], 4: [3, 5], 5: [4, 6], 6: [5, 7], 7: [6, 8], 8: [7, 9], 9: [8, 1]}",False,sans-serif,#fee4b3,1.0,68a8fb8c-a795-4225-9917-2ac34fb55803,1,9,1024
11,3,1,1,undirected_graph,Provide a single-line python list representing the depth-first search of the undirected graph starting from the vertex with the smallest value.,'Provide a single-line python list representing the breadth-first search of the undirected graph starting from the vertex with the smallest value.',images/undirected_graph/ug_run-12_gen-3_var-1_fmt-1_thk-10_clr-abe0f9_fnt-sansserif_res-2048_idn-c2e82b54-9d50-46ae-9cb1-c27c4bcc1f65.png," [1, 9, 8, 7, 6, 5, 4, 3, 2]","'1, 9, 8, 7, 6, 5, 4, 3, 2'","[1, 2, 3, 4, 5, 6, 7, 8, 9]",False,sans-serif,#fee4b3,1.0,ac3dd32f-23bf-4f99-ad03-508392256fd0,1,9,1024
11,3,1,1,undirected_graph,Provide a single-line python list representing the breadth-first search of the undirected graph starting from the vertex with the smallest value.,'Provide a single-line python list representing the breadth-first search of the undirected graph starting from the vertex with the smallest value.',images/undirected_graph/ug_run-12_gen-3_var-1_fmt-1_thk-10_clr-abe0f9_fnt-sansserif_res-2048_idn-c2e82b54-9d50-46ae-9cb1-c27c4bcc1f65.png," [1, 9, 8, 7, 6, 5, 4, 3, 2]","'1, 9, 8, 7, 6, 5, 4, 3, 2'","[1, 2, 9, 3, 8, 4, 7, 5, 6]",False,sans-serif,#fee4b3,1.0,aef4ea3f-8cc6-4d9f-bfe9-63edea850909,1,9,1024
12,3,1,1,undirected_graph,Provide a single-line python dictionary representing the adjacency list of the undirected graph.,'Provide a single-line python list representing the breadth-first search of the undirected graph starting from the vertex with the smallest value.',images/undirected_graph/ug_run-12_gen-3_var-1_fmt-1_thk-10_clr-abe0f9_fnt-sansserif_res-2048_idn-c2e82b54-9d50-46ae-9cb1-c27c4bcc1f65.png," ```python\ngraph = {1: [2, 9], 2: [1, 3], 3: [2, 4], 4: [3, 5], 5: [4, 6], 6: [5, 7], 7: [6, 8], 8: [7, 9], 9: [8, 1]}\n```","'1: [2, 9], 2: [1, 3], 3: [2, 4], 4: [3, 5], 5: [4, 6], 6: [5, 7], 7: [6, 8], 8: [7, 9], 9: [8, 1]'","{1: [2, 9], 2: [1, 3], 3: [2, 4], 4: [3, 5], 5: [4, 6], 6: [5, 7], 7: [6, 8], 8: [7, 9], 9: [8, 1]}",True,sans-serif,#fee4b3,1.0,bf42d8fd-ff5b-4b59-aae2-7caefb102745,1,9,2048
12,3,1,1,undirected_graph,Provide a single-line python list representing the depth-first search of the undirected graph starting from the vertex with the smallest value.,'Provide a single-line python list representing the breadth-first search of the undirected graph starting from the vertex with the smallest value.',images/undirected_graph/ug_run-12_gen-3_var-1_fmt-1_thk-10_clr-abe0f9_fnt-sansserif_res-2048_idn-c2e82b54-9d50-46ae-9cb1-c27c4bcc1f65.png," [1, 9, 8, 7, 6, 5, 4, 3, 2]","'1, 9, 8, 7, 6, 5, 4, 3, 2'","[1, 2, 3, 4, 5, 6, 7, 8, 9]",False,sans-serif,#fee4b3,1.0,e1cd88b7-513b-4d5c-bc47-c9f5e9611097,1,9,2048
12,3,1,1,undirected_graph,Provide a single-line python list representing the breadth-first search of the undirected graph starting from the vertex with the smallest value.,'Provide a single-line python list representing the breadth-first search of the undirected graph starting from the vertex with the smallest value.',images/undirected_graph/ug_run-12_gen-3_var-1_fmt-1_thk-10_clr-abe0f9_fnt-sansserif_res-2048_idn-c2e82b54-9d50-46ae-9cb1-c27c4bcc1f65.png," [1, 9, 8, 7, 6, 5, 4, 3, 2]","'1, 9, 8, 7, 6, 5, 4, 3, 2'","[1, 2, 9, 3, 8, 4, 7, 5, 6]",False,sans-serif,#fee4b3,1.0,a42f682a-fa2c-46ad-8137-5c47f706d711,1,9,2048
1,1,1,1,directed_graph,Provide a single-line python dictionary representing the adjacency list of the directed graph.,'Provide a single-line python list representing the breadth-first search of the directed graph starting from the vertex with the smallest value.',images/directed_graph/dg_run-12_gen-3_var-1_fmt-1_thk-10_clr-abe0f9_fnt-sansserif_res-2048_idn-8a50ffd2-680f-48a9-b5ef-8e3a4daff274.png," ```python\n{1: [2], 2: [3], 3: [1]}\n```","'1: [2], 2: [3], 3: [1]'","{1: [2, 3], 2: [3], 3: []}",False,sans-serif,#fee4b3,1.0,a4c22765-1304-43ff-bb8b-fb51afa14743,1,3,256
1,1,1,1,directed_graph,Provide a single-line python list representing the depth-first search of the directed graph starting from the vertex with the smallest value.,'Provide a single-line python list representing the breadth-first search of the directed graph starting from the vertex with the smallest value.',images/directed_graph/dg_run-12_gen-3_var-1_fmt-1_thk-10_clr-abe0f9_fnt-sansserif_res-2048_idn-8a50ffd2-680f-48a9-b5ef-8e3a4daff274.png," [3, 2, 1]","'3, 2, 1'","[1, 2, 3]",False,sans-serif,#fee4b3,1.0,601c78c7-f0b9-4a6a-a4fb-5576716c0cef,1,3,256
1,1,1,1,directed_graph,Provide a single-line python list representing the breadth-first search of the directed graph starting from the vertex with the smallest value.,'Provide a single-line python list representing the breadth-first search of the directed graph starting from the vertex with the smallest value.',images/directed_graph/dg_run-12_gen-3_var-1_fmt-1_thk-10_clr-abe0f9_fnt-sansserif_res-2048_idn-8a50ffd2-680f-48a9-b5ef-8e3a4daff274.png," [1, 3, 2]","'1, 3, 2'","[1, 2, 3]",False,sans-serif,#fee4b3,1.0,0550271a-05e8-4664-aab1-2a23f410f338,1,3,256
2,1,1,1,directed_graph,Provide a single-line python dictionary representing the adjacency list of the directed graph.,'Provide a single-line python list representing the breadth-first search of the directed graph starting from the vertex with the smallest value.',images/directed_graph/dg_run-12_gen-3_var-1_fmt-1_thk-10_clr-abe0f9_fnt-sansserif_res-2048_idn-8a50ffd2-680f-48a9-b5ef-8e3a4daff274.png," ```python\ngraph = {1: [2], 2: [3], 3: [1]}\n```","'1: [2], 2: [3], 3: [1]'","{1: [2, 3], 2: [3], 3: []}",False,sans-serif,#fee4b3,1.0,663fd31f-e048-4e1a-bb40-62151676d65a,1,3,512
2,1,1,1,directed_graph,Provide a single-line python list representing the depth-first search of the directed graph starting from the vertex with the smallest value.,'Provide a single-line python list representing the breadth-first search of the directed graph starting from the vertex with the smallest value.',images/directed_graph/dg_run-12_gen-3_var-1_fmt-1_thk-10_clr-abe0f9_fnt-sansserif_res-2048_idn-8a50ffd2-680f-48a9-b5ef-8e3a4daff274.png," [3, 2, 1]","'3, 2, 1'","[1, 2, 3]",False,sans-serif,#fee4b3,1.0,e6ab05c4-137a-4e60-977b-9a78c2b2c530,1,3,512
2,1,1,1,directed_graph,Provide a single-line python list representing the breadth-first search of the directed graph starting from the vertex with the smallest value.,'Provide a single-line python list representing the breadth-first search of the directed graph starting from the vertex with the smallest value.',images/directed_graph/dg_run-12_gen-3_var-1_fmt-1_thk-10_clr-abe0f9_fnt-sansserif_res-2048_idn-8a50ffd2-680f-48a9-b5ef-8e3a4daff274.png," [1, 2, 3]","'1, 2, 3'","[1, 2, 3]",True,sans-serif,#fee4b3,1.0,a7638d84-8ab4-4fc4-b517-5cc5372ac6c3,1,3,512
3,1,1,1,directed_graph,Provide a single-line python dictionary representing the adjacency list of the directed graph.,'Provide a single-line python list representing the breadth-first search of the directed graph starting from the vertex with the smallest value.',images/directed_graph/dg_run-12_gen-3_var-1_fmt-1_thk-10_clr-abe0f9_fnt-sansserif_res-2048_idn-8a50ffd2-680f-48a9-b5ef-8e3a4daff274.png," ```python\ngraph = {1: [2], 2: [3], 3: [1]}\n```","'1: [2], 2: [3], 3: [1]'","{1: [2, 3], 2: [3], 3: []}",False,sans-serif,#fee4b3,1.0,405ca366-369a-4c45-914e-f2eb9485d3a2,1,3,1024
3,1,1,1,directed_graph,Provide a single-line python list representing the depth-first search of the directed graph starting from the vertex with the smallest value.,'Provide a single-line python list representing the breadth-first search of the directed graph starting from the vertex with the smallest value.',images/directed_graph/dg_run-12_gen-3_var-1_fmt-1_thk-10_clr-abe0f9_fnt-sansserif_res-2048_idn-8a50ffd2-680f-48a9-b5ef-8e3a4daff274.png," `[3, 1, 2]`","'3, 1, 2'","[1, 2, 3]",False,sans-serif,#fee4b3,1.0,948eae7a-7dc1-45e1-9fd0-ac1fde1631c6,1,3,1024
3,1,1,1,directed_graph,Provide a single-line python list representing the breadth-first search of the directed graph starting from the vertex with the smallest value.,'Provide a single-line python list representing the breadth-first search of the directed graph starting from the vertex with the smallest value.',images/directed_graph/dg_run-12_gen-3_var-1_fmt-1_thk-10_clr-abe0f9_fnt-sansserif_res-2048_idn-8a50ffd2-680f-48a9-b5ef-8e3a4daff274.png," [1, 2, 3]","'1, 2, 3'","[1, 2, 3]",True,sans-serif,#fee4b3,1.0,63c9e6e3-803b-46e8-9682-57bfd03a4867,1,3,1024
4,1,1,1,directed_graph,Provide a single-line python dictionary representing the adjacency list of the directed graph.,'Provide a single-line python list representing the breadth-first search of the directed graph starting from the vertex with the smallest value.',images/directed_graph/dg_run-12_gen-3_var-1_fmt-1_thk-10_clr-abe0f9_fnt-sansserif_res-2048_idn-8a50ffd2-680f-48a9-b5ef-8e3a4daff274.png," ```python\ngraph = {1: [2], 2: [3], 3: [1]}\n```","'1: [2], 2: [3], 3: [1]'","{1: [2, 3], 2: [3], 3: []}",False,sans-serif,#fee4b3,1.0,82947c2d-d1e7-4479-a956-b53a1ed629b6,1,3,2048
4,1,1,1,directed_graph,Provide a single-line python list representing the depth-first search of the directed graph starting from the vertex with the smallest value.,'Provide a single-line python list representing the breadth-first search of the directed graph starting from the vertex with the smallest value.',images/directed_graph/dg_run-12_gen-3_var-1_fmt-1_thk-10_clr-abe0f9_fnt-sansserif_res-2048_idn-8a50ffd2-680f-48a9-b5ef-8e3a4daff274.png," [3, 1, 2]","'3, 1, 2'","[1, 2, 3]",False,sans-serif,#fee4b3,1.0,64a23851-4509-45d8-b8e8-b81958d6ff86,1,3,2048
4,1,1,1,directed_graph,Provide a single-line python list representing the breadth-first search of the directed graph starting from the vertex with the smallest value.,'Provide a single-line python list representing the breadth-first search of the directed graph starting from the vertex with the smallest value.',images/directed_graph/dg_run-12_gen-3_var-1_fmt-1_thk-10_clr-abe0f9_fnt-sansserif_res-2048_idn-8a50ffd2-680f-48a9-b5ef-8e3a4daff274.png," [1, 2, 3]","'1, 2, 3'","[1, 2, 3]",True,sans-serif,#fee4b3,1.0,9e39afd3-cb0c-4e4d-8cce-3bfc340c9de4,1,3,2048
5,2,1,1,directed_graph,Provide a single-line python dictionary representing the adjacency list of the directed graph.,'Provide a single-line python list representing the breadth-first search of the directed graph starting from the vertex with the smallest value.',images/directed_graph/dg_run-12_gen-3_var-1_fmt-1_thk-10_clr-abe0f9_fnt-sansserif_res-2048_idn-8a50ffd2-680f-48a9-b5ef-8e3a4daff274.png," ```python\ngraph = {1: [2, 3], 2: [4], 3: [1, 4], 4: [5], 5: [6], 6: [1]}\n```","'1: [2, 3], 2: [4], 3: [1, 4], 4: [5], 5: [6], 6: [1]'","{1: [2, 4], 2: [3], 3: [4, 2], 4: [5, 3], 5: [6], 6: [1]}",False,sans-serif,#fee4b3,1.0,9316b871-4c09-4ed5-871d-b4aa37744424,1,6,256
5,2,1,1,directed_graph,Provide a single-line python list representing the depth-first search of the directed graph starting from the vertex with the smallest value.,'Provide a single-line python list representing the breadth-first search of the directed graph starting from the vertex with the smallest value.',images/directed_graph/dg_run-12_gen-3_var-1_fmt-1_thk-10_clr-abe0f9_fnt-sansserif_res-2048_idn-8a50ffd2-680f-48a9-b5ef-8e3a4daff274.png," [1, 3, 2, 4, 5, 6]","'1, 3, 2, 4, 5, 6'","[1, 2, 3, 4, 5, 6]",False,sans-serif,#fee4b3,1.0,d14f8dff-9c34-4045-91b6-9a90e13a53e5,1,6,256
5,2,1,1,directed_graph,Provide a single-line python list representing the breadth-first search of the directed graph starting from the vertex with the smallest value.,'Provide a single-line python list representing the breadth-first search of the directed graph starting from the vertex with the smallest value.',images/directed_graph/dg_run-12_gen-3_var-1_fmt-1_thk-10_clr-abe0f9_fnt-sansserif_res-2048_idn-8a50ffd2-680f-48a9-b5ef-8e3a4daff274.png," [1, 2, 3, 4, 6, 5]","'1, 2, 3, 4, 6, 5'","[1, 2, 4, 3, 5, 6]",False,sans-serif,#fee4b3,1.0,2dbc5549-cf24-4d8f-bc58-16dc18b5b60d,1,6,256
6,2,1,1,directed_graph,Provide a single-line python dictionary representing the adjacency list of the directed graph.,'Provide a single-line python list representing the breadth-first search of the directed graph starting from the vertex with the smallest value.',images/directed_graph/dg_run-12_gen-3_var-1_fmt-1_thk-10_clr-abe0f9_fnt-sansserif_res-2048_idn-8a50ffd2-680f-48a9-b5ef-8e3a4daff274.png," ```python\ngraph = {1: [4], 2: [1, 3], 3: [1], 4: [5], 5: [6], 6: []}\n```","'1: [4], 2: [1, 3], 3: [1], 4: [5], 5: [6], 6: []'","{1: [2, 4], 2: [3], 3: [4, 2], 4: [5, 3], 5: [6], 6: [1]}",False,sans-serif,#fee4b3,1.0,090ed820-f20f-4c7b-9b98-5a97bebc0dd3,1,6,512
6,2,1,1,directed_graph,Provide a single-line python list representing the depth-first search of the directed graph starting from the vertex with the smallest value.,'Provide a single-line python list representing the breadth-first search of the directed graph starting from the vertex with the smallest value.',images/directed_graph/dg_run-12_gen-3_var-1_fmt-1_thk-10_clr-abe0f9_fnt-sansserif_res-2048_idn-8a50ffd2-680f-48a9-b5ef-8e3a4daff274.png," [1, 3, 2, 4, 5, 6]","'1, 3, 2, 4, 5, 6'","[1, 2, 3, 4, 5, 6]",False,sans-serif,#fee4b3,1.0,bd35086a-dc04-41e4-b3bf-dc4dd4b0f901,1,6,512
6,2,1,1,directed_graph,Provide a single-line python list representing the breadth-first search of the directed graph starting from the vertex with the smallest value.,'Provide a single-line python list representing the breadth-first search of the directed graph starting from the vertex with the smallest value.',images/directed_graph/dg_run-12_gen-3_var-1_fmt-1_thk-10_clr-abe0f9_fnt-sansserif_res-2048_idn-8a50ffd2-680f-48a9-b5ef-8e3a4daff274.png," [1, 3, 2, 4, 6, 5]","'1, 3, 2, 4, 6, 5'","[1, 2, 4, 3, 5, 6]",False,sans-serif,#fee4b3,1.0,59eb4a88-f1dc-48cb-a228-314d9dce137c,1,6,512
7,2,1,1,directed_graph,Provide a single-line python dictionary representing the adjacency list of the directed graph.,'Provide a single-line python list representing the breadth-first search of the directed graph starting from the vertex with the smallest value.',images/directed_graph/dg_run-12_gen-3_var-1_fmt-1_thk-10_clr-abe0f9_fnt-sansserif_res-2048_idn-8a50ffd2-680f-48a9-b5ef-8e3a4daff274.png," ```python\ngraph = {1: [4], 2: [1, 3], 3: [1], 4: [5], 5: [6], 6: []}\n```","'1: [4], 2: [1, 3], 3: [1], 4: [5], 5: [6], 6: []'","{1: [2, 4], 2: [3], 3: [4, 2], 4: [5, 3], 5: [6], 6: [1]}",False,sans-serif,#fee4b3,1.0,eb039ea9-4b36-461a-ac26-cbd3e8f9c1d9,1,6,1024
7,2,1,1,directed_graph,Provide a single-line python list representing the depth-first search of the directed graph starting from the vertex with the smallest value.,'Provide a single-line python list representing the breadth-first search of the directed graph starting from the vertex with the smallest value.',images/directed_graph/dg_run-12_gen-3_var-1_fmt-1_thk-10_clr-abe0f9_fnt-sansserif_res-2048_idn-8a50ffd2-680f-48a9-b5ef-8e3a4daff274.png," [2, 3, 1, 4, 5, 6]","'2, 3, 1, 4, 5, 6'","[1, 2, 3, 4, 5, 6]",False,sans-serif,#fee4b3,1.0,65642192-8742-4fb5-9b78-bb60f40ac832,1,6,1024
7,2,1,1,directed_graph,Provide a single-line python list representing the breadth-first search of the directed graph starting from the vertex with the smallest value.,'Provide a single-line python list representing the breadth-first search of the directed graph starting from the vertex with the smallest value.',images/directed_graph/dg_run-12_gen-3_var-1_fmt-1_thk-10_clr-abe0f9_fnt-sansserif_res-2048_idn-8a50ffd2-680f-48a9-b5ef-8e3a4daff274.png," [1, 3, 2, 4, 6, 5]","'1, 3, 2, 4, 6, 5'","[1, 2, 4, 3, 5, 6]",False,sans-serif,#fee4b3,1.0,6a6be8bf-b672-41a6-899f-6772b2b6b5ae,1,6,1024
8,2,1,1,directed_graph,Provide a single-line python dictionary representing the adjacency list of the directed graph.,'Provide a single-line python list representing the breadth-first search of the directed graph starting from the vertex with the smallest value.',images/directed_graph/dg_run-12_gen-3_var-1_fmt-1_thk-10_clr-abe0f9_fnt-sansserif_res-2048_idn-8a50ffd2-680f-48a9-b5ef-8e3a4daff274.png," ```python\ngraph = {1: [2, 4], 2: [3], 3: [], 4: [5, 6], 5: [], 6: [1]}\n```","'1: [2, 4], 2: [3], 3: [], 4: [5, 6], 5: [], 6: [1]'","{1: [2, 4], 2: [3], 3: [4, 2], 4: [5, 3], 5: [6], 6: [1]}",False,sans-serif,#fee4b3,1.0,7f974b3a-1f7b-43cf-ae1b-0a356078ae42,1,6,2048
8,2,1,1,directed_graph,Provide a single-line python list representing the depth-first search of the directed graph starting from the vertex with the smallest value.,'Provide a single-line python list representing the breadth-first search of the directed graph starting from the vertex with the smallest value.',images/directed_graph/dg_run-12_gen-3_var-1_fmt-1_thk-10_clr-abe0f9_fnt-sansserif_res-2048_idn-8a50ffd2-680f-48a9-b5ef-8e3a4daff274.png," [2, 3, 1, 4, 5, 6]","'2, 3, 1, 4, 5, 6'","[1, 2, 3, 4, 5, 6]",False,sans-serif,#fee4b3,1.0,5d6aabff-0bbb-4092-92ad-2abeb7005cad,1,6,2048
8,2,1,1,directed_graph,Provide a single-line python list representing the breadth-first search of the directed graph starting from the vertex with the smallest value.,'Provide a single-line python list representing the breadth-first search of the directed graph starting from the vertex with the smallest value.',images/directed_graph/dg_run-12_gen-3_var-1_fmt-1_thk-10_clr-abe0f9_fnt-sansserif_res-2048_idn-8a50ffd2-680f-48a9-b5ef-8e3a4daff274.png," [2, 3, 1, 4, 6, 5]","'2, 3, 1, 4, 6, 5'","[1, 2, 4, 3, 5, 6]",False,sans-serif,#fee4b3,1.0,0d5df1a5-85a4-4743-92cb-0d8ec79382b3,1,6,2048
9,3,1,1,directed_graph,Provide a single-line python dictionary representing the adjacency list of the directed graph.,'Provide a single-line python list representing the breadth-first search of the directed graph starting from the vertex with the smallest value.',images/directed_graph/dg_run-12_gen-3_var-1_fmt-1_thk-10_clr-abe0f9_fnt-sansserif_res-2048_idn-8a50ffd2-680f-48a9-b5ef-8e3a4daff274.png," ```python\ngraph = {1: [2, 4], 2: [3], 3: [4], 5: [6], 6: [7], 7: [8], 8: [9]}\n```","'1: [2, 4], 2: [3], 3: [4], 5: [6], 6: [7], 7: [8], 8: [9]'","{1: [2, 5, 4], 2: [3], 3: [4], 4: [5], 5: [6], 6: [7], 7: [8], 8: [9], 9: []}",False,sans-serif,#fee4b3,1.0,50493b82-4e7f-4566-835c-44aff89d13a7,1,9,256
9,3,1,1,directed_graph,Provide a single-line python list representing the depth-first search of the directed graph starting from the vertex with the smallest value.,'Provide a single-line python list representing the breadth-first search of the directed graph starting from the vertex with the smallest value.',images/directed_graph/dg_run-12_gen-3_var-1_fmt-1_thk-10_clr-abe0f9_fnt-sansserif_res-2048_idn-8a50ffd2-680f-48a9-b5ef-8e3a4daff274.png," [1, 2, 3, 4, 5, 6, 7, 8, 9]","'1, 2, 3, 4, 5, 6, 7, 8, 9'","[1, 2, 3, 4, 5, 6, 7, 8, 9]",True,sans-serif,#fee4b3,1.0,d2ae0287-4c04-448a-81e5-09d29510dd82,1,9,256
9,3,1,1,directed_graph,Provide a single-line python list representing the breadth-first search of the directed graph starting from the vertex with the smallest value.,'Provide a single-line python list representing the breadth-first search of the directed graph starting from the vertex with the smallest value.',images/directed_graph/dg_run-12_gen-3_var-1_fmt-1_thk-10_clr-abe0f9_fnt-sansserif_res-2048_idn-8a50ffd2-680f-48a9-b5ef-8e3a4daff274.png," [1, 2, 3, 4, 5, 6, 7, 8, 9]","'1, 2, 3, 4, 5, 6, 7, 8, 9'","[1, 2, 5, 4, 3, 6, 7, 8, 9]",False,sans-serif,#fee4b3,1.0,1090abb9-0227-4e15-b3a0-f60e9f01d597,1,9,256
10,3,1,1,directed_graph,Provide a single-line python dictionary representing the adjacency list of the directed graph.,'Provide a single-line python list representing the breadth-first search of the directed graph starting from the vertex with the smallest value.',images/directed_graph/dg_run-12_gen-3_var-1_fmt-1_thk-10_clr-abe0f9_fnt-sansserif_res-2048_idn-8a50ffd2-680f-48a9-b5ef-8e3a4daff274.png," ```python\ngraph = {1: [2, 4], 2: [3], 3: [], 4: [], 5: [6], 6: [], 7: [6], 8: [7], 9: [8]}\n```","'1: [2, 4], 2: [3], 3: [], 4: [], 5: [6], 6: [], 7: [6], 8: [7], 9: [8]'","{1: [2, 5, 4], 2: [3], 3: [4], 4: [5], 5: [6], 6: [7], 7: [8], 8: [9], 9: []}",False,sans-serif,#fee4b3,1.0,3a678520-9577-4331-9ec8-43286e1036c4,1,9,512
10,3,1,1,directed_graph,Provide a single-line python list representing the depth-first search of the directed graph starting from the vertex with the smallest value.,'Provide a single-line python list representing the breadth-first search of the directed graph starting from the vertex with the smallest value.',images/directed_graph/dg_run-12_gen-3_var-1_fmt-1_thk-10_clr-abe0f9_fnt-sansserif_res-2048_idn-8a50ffd2-680f-48a9-b5ef-8e3a4daff274.png," [1, 2, 3, 4, 5, 6, 7, 8, 9]","'1, 2, 3, 4, 5, 6, 7, 8, 9'","[1, 2, 3, 4, 5, 6, 7, 8, 9]",True,sans-serif,#fee4b3,1.0,27b8f34b-f1d4-4246-8cd2-483bab6b3039,1,9,512
10,3,1,1,directed_graph,Provide a single-line python list representing the breadth-first search of the directed graph starting from the vertex with the smallest value.,'Provide a single-line python list representing the breadth-first search of the directed graph starting from the vertex with the smallest value.',images/directed_graph/dg_run-12_gen-3_var-1_fmt-1_thk-10_clr-abe0f9_fnt-sansserif_res-2048_idn-8a50ffd2-680f-48a9-b5ef-8e3a4daff274.png," [1, 2, 3, 4, 5, 6, 7, 8, 9]","'1, 2, 3, 4, 5, 6, 7, 8, 9'","[1, 2, 5, 4, 3, 6, 7, 8, 9]",False,sans-serif,#fee4b3,1.0,2cfefd21-c09d-4925-9fe4-f78b57e6f8a3,1,9,512
11,3,1,1,directed_graph,Provide a single-line python dictionary representing the adjacency list of the directed graph.,'Provide a single-line python list representing the breadth-first search of the directed graph starting from the vertex with the smallest value.',images/directed_graph/dg_run-12_gen-3_var-1_fmt-1_thk-10_clr-abe0f9_fnt-sansserif_res-2048_idn-8a50ffd2-680f-48a9-b5ef-8e3a4daff274.png," ```python\ngraph = {1: [2, 4], 2: [3], 3: [], 4: [5], 5: [6], 6: [], 7: [6], 8: [7], 9: [8]}\n```","'1: [2, 4], 2: [3], 3: [], 4: [5], 5: [6], 6: [], 7: [6], 8: [7], 9: [8]'","{1: [2, 5, 4], 2: [3], 3: [4], 4: [5], 5: [6], 6: [7], 7: [8], 8: [9], 9: []}",False,sans-serif,#fee4b3,1.0,ea6b9777-ecd6-4c21-bdee-1e7d801d162e,1,9,1024
11,3,1,1,directed_graph,Provide a single-line python list representing the depth-first search of the directed graph starting from the vertex with the smallest value.,'Provide a single-line python list representing the breadth-first search of the directed graph starting from the vertex with the smallest value.',images/directed_graph/dg_run-12_gen-3_var-1_fmt-1_thk-10_clr-abe0f9_fnt-sansserif_res-2048_idn-8a50ffd2-680f-48a9-b5ef-8e3a4daff274.png," [1, 2, 3, 4, 5, 6, 7, 8, 9]","'1, 2, 3, 4, 5, 6, 7, 8, 9'","[1, 2, 3, 4, 5, 6, 7, 8, 9]",True,sans-serif,#fee4b3,1.0,a628064b-0b3d-4cab-b204-6c4e312fb6ae,1,9,1024
11,3,1,1,directed_graph,Provide a single-line python list representing the breadth-first search of the directed graph starting from the vertex with the smallest value.,'Provide a single-line python list representing the breadth-first search of the directed graph starting from the vertex with the smallest value.',images/directed_graph/dg_run-12_gen-3_var-1_fmt-1_thk-10_clr-abe0f9_fnt-sansserif_res-2048_idn-8a50ffd2-680f-48a9-b5ef-8e3a4daff274.png," [1, 2, 3, 4, 5, 6, 7, 8, 9]","'1, 2, 3, 4, 5, 6, 7, 8, 9'","[1, 2, 5, 4, 3, 6, 7, 8, 9]",False,sans-serif,#fee4b3,1.0,8563b65d-d8d1-4a9d-99e1-0bada58ab021,1,9,1024
12,3,1,1,directed_graph,Provide a single-line python dictionary representing the adjacency list of the directed graph.,'Provide a single-line python list representing the breadth-first search of the directed graph starting from the vertex with the smallest value.',images/directed_graph/dg_run-12_gen-3_var-1_fmt-1_thk-10_clr-abe0f9_fnt-sansserif_res-2048_idn-8a50ffd2-680f-48a9-b5ef-8e3a4daff274.png," ```python\ngraph = {1: [2, 4], 2: [3], 3: [], 4: [5], 5: [6], 6: [], 7: [6], 8: [7], 9: [8]}\n```","'1: [2, 4], 2: [3], 3: [], 4: [5], 5: [6], 6: [], 7: [6], 8: [7], 9: [8]'","{1: [2, 5, 4], 2: [3], 3: [4], 4: [5], 5: [6], 6: [7], 7: [8], 8: [9], 9: []}",False,sans-serif,#fee4b3,1.0,73dacb3b-3695-4d3c-9843-8bfee2ddc2e7,1,9,2048
12,3,1,1,directed_graph,Provide a single-line python list representing the depth-first search of the directed graph starting from the vertex with the smallest value.,'Provide a single-line python list representing the breadth-first search of the directed graph starting from the vertex with the smallest value.',images/directed_graph/dg_run-12_gen-3_var-1_fmt-1_thk-10_clr-abe0f9_fnt-sansserif_res-2048_idn-8a50ffd2-680f-48a9-b5ef-8e3a4daff274.png," [1, 2, 3, 4, 5, 6, 7, 8, 9]","'1, 2, 3, 4, 5, 6, 7, 8, 9'","[1, 2, 3, 4, 5, 6, 7, 8, 9]",True,sans-serif,#fee4b3,1.0,1d87d4c3-aabf-484e-b1eb-6465db49219f,1,9,2048
12,3,1,1,directed_graph,Provide a single-line python list representing the breadth-first search of the directed graph starting from the vertex with the smallest value.,'Provide a single-line python list representing the breadth-first search of the directed graph starting from the vertex with the smallest value.',images/directed_graph/dg_run-12_gen-3_var-1_fmt-1_thk-10_clr-abe0f9_fnt-sansserif_res-2048_idn-8a50ffd2-680f-48a9-b5ef-8e3a4daff274.png," [1, 2, 3, 4, 5, 6, 7, 8, 9]","'1, 2, 3, 4, 5, 6, 7, 8, 9'","[1, 2, 5, 4, 3, 6, 7, 8, 9]",False,sans-serif,#fee4b3,1.0,c9462033-0536-474f-9198-2af6d0f8571f,1,9,2048
