generation,variation,format,structure,prompt,response,expected,match,image_path,font,color,thickness,task_id
generation,variation,format,structure,prompt,response,expected,match,image_path,font,color,thickness,task_id
1,1,1,binary_tree,Provide a single-line python list representing the post-order traversal,"Based on the binary tree provided in the image, here is the corresponding post-order traversal represented as a single-line Python list:\n\n```python\n[65, 84, 28, 11, 23, 77, 46, 26, 19]\n```","[65, 84, 28, 11, 23, 77, 46, 26, 19]",True,images/binary_tree/bit_run-1_gen-1_var-1_fmt-1_thk-05_clr-88d7fe_fnt-sansserif_idn-9e001a97-a3c9-4efd-820b-6d4cc2a2179b.png,sans-serif,#88d7fe,0.5,9e001a97-a3c9-4efd-820b-6d4cc2a2179b
1,1,2,binary_tree,Provide a single-line python list representing the post-order traversal,"To represent the post-order traversal of the binary tree pictured, perform the traversal by visiting the left subtree, then the right subtree, and finally the root of each subtree. Here is the list representing that traversal:\n\n[65, 84, 28, 11, 23, 77, 46, 26, 19]","[65, 84, 28, 11, 23, 77, 46, 26, 19]",True,images/binary_tree/bit_run-2_gen-1_var-1_fmt-2_thk-05_clr-88d7fe_fnt-serif_idn-dd853568-34f4-4a2f-aabf-297576bc694a.png,serif,#88d7fe,0.5,dd853568-34f4-4a2f-aabf-297576bc694a
1,1,3,binary_tree,Provide a single-line python list representing the post-order traversal,"To represent the post-order traversal of the binary tree in the image as a Python list, we would visit the left subtree, then the right subtree, and finally the root node at each step. Here's the list for the given tree:\n\n```python\n[65, 84, 28, 11, 23, 77, 46, 26, 19]\n```","[65, 84, 28, 11, 23, 77, 46, 26, 19]",True,images/binary_tree/bit_run-3_gen-1_var-1_fmt-3_thk-05_clr-88d7fe_fnt-monospace_idn-2aeeb308-7b08-4ff8-afdb-058e620badcb.png,monospace,#88d7fe,0.5,2aeeb308-7b08-4ff8-afdb-058e620badcb
1,1,4,binary_tree,Provide a single-line python list representing the post-order traversal,"Post-order traversal means visiting the left subtree first, then the right subtree, and finally the root node. Based on the binary tree in the image provided, the post-order traversal would be:\n\n`[65, 84, 28, 11, 23, 77, 46, 26, 19]`","[65, 84, 28, 11, 23, 77, 46, 26, 19]",True,images/binary_tree/bit_run-4_gen-1_var-1_fmt-4_thk-05_clr-feaf88_fnt-sansserif_idn-f1d76d57-c210-4849-be8e-e9a306f0bf11.png,sans-serif,#feaf88,0.5,f1d76d57-c210-4849-be8e-e9a306f0bf11
1,1,5,binary_tree,Provide a single-line python list representing the post-order traversal,"In post-order traversal, you traverse the left subtree first, then the right subtree, and finally the root node. Based on the binary tree in the provided image, the post-order traversal would result in the list:\n\n```python\n[65, 84, 28, 11, 23, 77, 46, 26, 19]\n```","[65, 84, 28, 11, 23, 77, 46, 26, 19]",True,images/binary_tree/bit_run-5_gen-1_var-1_fmt-5_thk-05_clr-feaf88_fnt-serif_idn-15509293-6992-4a11-8d58-5cb0fb6ef740.png,serif,#feaf88,0.5,15509293-6992-4a11-8d58-5cb0fb6ef740
1,1,1,binary_tree,Provide a single-line python list representing the post-order traversal,"To represent the post-order traversal of the given binary tree in Python as a list, you would visit the left subtree, then the right subtree, and finally the node itself for each node in the tree. Here is the resulting list for the post-order traversal of this tree:\n\n[80, 93, 32, 60, 39, 56, 4, 79, 70, 74, 18, 88, 52, 68, 31, 61, 41, 1, 24]","[80, 93, 32, 60, 39, 56, 4, 79, 70, 90, 74, 18, 88, 52, 68, 61, 31, 41, 1, 24]",False,images/binary_tree/bit_run-1_gen-1_var-1_fmt-1_thk-05_clr-88d7fe_fnt-sansserif_idn-2fd4415e-a8ba-45d5-a73b-295bec111da6.png,sans-serif,#88d7fe,0.5,2fd4415e-a8ba-45d5-a73b-295bec111da6
1,1,2,binary_tree,Provide a single-line python list representing the post-order traversal,"To provide a single-line Python list representing the post-order traversal of the given binary tree, you would list the node values according to the post-order traversal, which is left, right, root for each subtree. Starting from the leftmost node:\n\n```python\n[80, 93, 32, 60, 56, 4, 39, 70, 79, 74, 18, 88, 52, 68, 61, 31, 41, 1, 24]\n```","[80, 93, 32, 60, 39, 56, 4, 79, 70, 90, 74, 18, 88, 52, 68, 61, 31, 41, 1, 24]",False,images/binary_tree/bit_run-2_gen-1_var-1_fmt-2_thk-05_clr-88d7fe_fnt-serif_idn-f8bda5c4-d940-47df-ad63-a3227f44e2b8.png,serif,#88d7fe,0.5,f8bda5c4-d940-47df-ad63-a3227f44e2b8
1,1,3,binary_tree,Provide a single-line python list representing the post-order traversal,"In post-order traversal, the nodes are recursively visited in this order: left child, right child, and then the root node. Based on the image of the tree you have provided, the post-order traversal would be:\n\n```python\n[80, 93, 32, 60, 39, 56, 4, 79, 39, 90, 74, 18, 88, 52, 68, 61, 31, 41, 1, 24]\n```","[80, 93, 32, 60, 39, 56, 4, 79, 70, 90, 74, 18, 88, 52, 68, 61, 31, 41, 1, 24]",False,images/binary_tree/bit_run-3_gen-1_var-1_fmt-3_thk-05_clr-88d7fe_fnt-monospace_idn-718383fb-cc54-40a0-92b8-c74f7f0ec5bd.png,monospace,#88d7fe,0.5,718383fb-cc54-40a0-92b8-c74f7f0ec5bd
1,1,4,binary_tree,Provide a single-line python list representing the post-order traversal,"Post-order traversal for a tree is a depth-first traversal method where you visit the left subtree, the right subtree, and then the node itself.\n\nFor the tree in the image, a post-order traversal would result in this list:\n\n[80, 93, 32, 60, 56, 4, 39, 79, 70, 74, 18, 88, 90, 52, 68, 61, 31, 41, 1, 24]","[80, 93, 32, 60, 39, 56, 4, 79, 70, 90, 74, 18, 88, 52, 68, 61, 31, 41, 1, 24]",False,images/binary_tree/bit_run-4_gen-1_var-1_fmt-4_thk-05_clr-feaf88_fnt-sansserif_idn-ca5bb1b8-dde8-491b-857a-1ee845489dd5.png,sans-serif,#feaf88,0.5,ca5bb1b8-dde8-491b-857a-1ee845489dd5
1,1,5,binary_tree,Provide a single-line python list representing the post-order traversal,"The post-order traversal of a binary tree involves visiting the left subtree first, then the right subtree, and finally the root node. According to the binary tree in the image, the post-order traversal list is:\n\n[80, 93, 32, 60, 39, 56, 4, 79, 90, 74, 18, 88, 52, 68, 61, 31, 41, 1, 24]","[80, 93, 32, 60, 39, 56, 4, 79, 70, 90, 74, 18, 88, 52, 68, 61, 31, 41, 1, 24]",False,images/binary_tree/bit_run-5_gen-1_var-1_fmt-5_thk-05_clr-feaf88_fnt-serif_idn-4c86a6bc-e90c-4aa9-9b36-a340390d9229.png,serif,#feaf88,0.5,4c86a6bc-e90c-4aa9-9b36-a340390d9229
1,1,1,binary_tree,Provide a single-line python list representing the post-order traversal,"To represent the post-order traversal of the given binary tree in a single-line Python list, we would visit the nodes in the following order: left subtree, right subtree, and then the root node for every subtree. Here is the list for the tree in the image:\n\n```python\n[14, 60, 89, 9, 25, 56, 2, 4, 58, 98, 28, 27, 36, 66, 76, 48, 91]\n```","[14, 60, 89, 9, 25, 56, 58, 2, 4, 98, 27, 28, 36, 66, 76, 48, 91]",False,images/binary_tree/bit_run-1_gen-1_var-1_fmt-1_thk-05_clr-88d7fe_fnt-sansserif_idn-740ad25e-62a2-4e3d-a1b8-3be3234463a4.png,sans-serif,#88d7fe,0.5,740ad25e-62a2-4e3d-a1b8-3be3234463a4
1,1,2,binary_tree,Provide a single-line python list representing the post-order traversal,"To represent the post-order traversal of the binary tree shown in the image as a single-line list in Python, you would visit the left child, then the right child, and finally the node itself for each subtree. \n\nBased on the image, the post-order traversal would be: [14, 60, 89, 25, 56, 9, 2, 4, 58, 98, 27, 28, 36, 66, 76, 48, 91]\n\nHere is the single-line list:\n\n```python\npost_order = [14, 60, 89, 25, 56, 9, 2, 4, 58, 98, 27, 28, 36, 66, 76, 48, 91]\n```","[14, 60, 89, 9, 25, 56, 58, 2, 4, 98, 27, 28, 36, 66, 76, 48, 91]",False,images/binary_tree/bit_run-2_gen-1_var-1_fmt-2_thk-05_clr-88d7fe_fnt-serif_idn-0d6f1897-0fb5-4d67-a84f-c0358b98f35a.png,serif,#88d7fe,0.5,0d6f1897-0fb5-4d67-a84f-c0358b98f35a
1,1,3,binary_tree,Provide a single-line python list representing the post-order traversal,"In post-order traversal, the nodes are recursively visited in the order of left subtree, right subtree, and then the root. Here's the post-order traversal list for the given tree:\n\n```\n[14, 60, 89, 9, 25, 56, 2, 4, 58, 98, 28, 27, 36, 66, 76, 48, 91]\n```","[14, 60, 89, 9, 25, 56, 58, 2, 4, 98, 27, 28, 36, 66, 76, 48, 91]",False,images/binary_tree/bit_run-3_gen-1_var-1_fmt-3_thk-05_clr-88d7fe_fnt-monospace_idn-36d42d1f-6ff8-4eff-86b5-62ee2d8d952e.png,monospace,#88d7fe,0.5,36d42d1f-6ff8-4eff-86b5-62ee2d8d952e
1,1,4,binary_tree,Provide a single-line python list representing the post-order traversal,"To represent the post-order traversal of the given binary tree in a single-line Python list, we need to traverse the tree in the order: left subtree, right subtree, root. Here's the resulting list:\n\n```python\n[14, 60, 89, 25, 56, 9, 2, 4, 58, 98, 28, 27, 36, 66, 76, 48, 91]\n```","[14, 60, 89, 9, 25, 56, 58, 2, 4, 98, 27, 28, 36, 66, 76, 48, 91]",False,images/binary_tree/bit_run-4_gen-1_var-1_fmt-4_thk-05_clr-feaf88_fnt-sansserif_idn-d6e35ece-e1de-4db3-bae1-f37b0d3caf08.png,sans-serif,#feaf88,0.5,d6e35ece-e1de-4db3-bae1-f37b0d3caf08
1,1,5,binary_tree,Provide a single-line python list representing the post-order traversal,"The post-order traversal for the given tree is a traversal where you visit the left subtree first, then the right subtree, and finally the root of the subtree. Here's the post-order list based on the tree in the image:\n\n`[14, 60, 89, 25, 9, 56, 2, 4, 58, 98, 27, 36, 66, 76, 28, 48, 91]`","[14, 60, 89, 9, 25, 56, 58, 2, 4, 98, 27, 28, 36, 66, 76, 48, 91]",False,images/binary_tree/bit_run-5_gen-1_var-1_fmt-5_thk-05_clr-feaf88_fnt-serif_idn-c2818452-62d2-48e5-872c-3ee08a3ca2a0.png,serif,#feaf88,0.5,c2818452-62d2-48e5-872c-3ee08a3ca2a0
1,1,1,binary_tree,Provide a single-line python list representing the post-order traversal,"To determine the post-order traversal of the given binary tree, you would visit the children nodes before the parent node, starting from the left child, then the right child, and finally the parent node. Following this method, here is the resultant list for the binary tree shown in the image:\n\n```\n[5, 19, 61, 92, 80, 44, 26, 78, 81, 2]\n```","[5, 61, 19, 92, 80, 44, 26, 78, 81, 2]",False,images/binary_tree/bit_run-1_gen-1_var-1_fmt-1_thk-05_clr-88d7fe_fnt-sansserif_idn-1b9f79df-bdcd-4a12-9549-7e5eb078e21b.png,sans-serif,#88d7fe,0.5,1b9f79df-bdcd-4a12-9549-7e5eb078e21b
1,1,2,binary_tree,Provide a single-line python list representing the post-order traversal,"To represent the post-order traversal of the given binary tree in a single-line Python list, you would visit the left subtree, then the right subtree, and then the node itself for each node in the tree. Here's the list for the given tree:\n\n```python\n[5, 19, 61, 92, 80, 44, 26, 78, 81, 2]\n```","[5, 61, 19, 92, 80, 44, 26, 78, 81, 2]",False,images/binary_tree/bit_run-2_gen-1_var-1_fmt-2_thk-05_clr-88d7fe_fnt-serif_idn-fa96d673-340a-44a1-8ca8-5ee5eaba0f1c.png,serif,#88d7fe,0.5,fa96d673-340a-44a1-8ca8-5ee5eaba0f1c
1,1,3,binary_tree,Provide a single-line python list representing the post-order traversal,"To represent the post-order traversal of the given binary tree in a single-line Python list, you would visit the left child, then the right child, and finally the node itself, recursively for each node. Starting from the leftmost node, we would have the following list:\n\n```python\n[5, 61, 19, 92, 80, 44, 26, 78, 81, 2]\n```","[5, 61, 19, 92, 80, 44, 26, 78, 81, 2]",True,images/binary_tree/bit_run-3_gen-1_var-1_fmt-3_thk-05_clr-88d7fe_fnt-monospace_idn-96fb9075-e344-41e1-9c24-0a8439062558.png,monospace,#88d7fe,0.5,96fb9075-e344-41e1-9c24-0a8439062558
