n_generation,n_variation,n_format,structure,text_task,text_prompt,image_prompt,model_response,expected_response,match,node_font,node_color,edge_width,task_id
1,1,1,binary_tree,Provide a single-line python list representing the post-order traversal of the binary tree.,'Provide a single-line python list representing the post-order traversal of the binary tree.',images/binary_tree/bit_run-1_gen-1_var-1_fmt-1_thk-10_clr-88d7fe_fnt-sansserif_idn-831ef1df-170c-47b9-a4bd-babaa8d09bbd.png,"The post-order traversal of the binary tree goes as follows:\n\n1. Traverse the left subtree in post-order.\n2. Traverse the right subtree in post-order.\n3. Visit the root.\n\nAccording to the tree in the image, the post-order traversal would be: [20, 53, 24, 49, 98, 51, 23, 67, 17]\n\nSo, the single-line Python list would look like this:\n\n```python\n[20, 53, 24, 49, 98, 51, 23, 67, 17]\n```","[20, 53, 24, 49, 98, 51, 23, 67, 17]",True,sans-serif,#fee4b3,1.0,831ef1df-170c-47b9-a4bd-babaa8d09bbd
1,1,1,binary_tree,Provide a single-line python list representing the post-order traversal of the binary tree.,'Provide a single-line python list representing the post-order traversal of the binary tree.',images/binary_tree/bit_run-1_gen-1_var-1_fmt-1_thk-10_clr-88d7fe_fnt-sansserif_idn-831ef1df-170c-47b9-a4bd-babaa8d09bbd.png,"The post-order traversal of a binary tree involves visiting the left child, then the right child, and finally the root node at each step. For the given binary tree, the post-order traversal would be a list as follows:\n\n```python\n[20, 53, 24, 49, 98, 23, 51, 67, 17]\n```","[20, 53, 24, 49, 98, 51, 23, 67, 17]",False,sans-serif,#fee4b3,1.0,831ef1df-170c-47b9-a4bd-babaa8d09bbd
1,1,1,binary_tree,Provide a single-line python list representing the post-order traversal of the binary tree.,'Provide a single-line python list representing the post-order traversal of the binary tree.',images/binary_tree/bit_run-1_gen-1_var-1_fmt-1_thk-10_clr-88d7fe_fnt-sansserif_idn-831ef1df-170c-47b9-a4bd-babaa8d09bbd.png,"To perform a post-order traversal, you visit the left child, then the right child, and finally the node itself. Applying this to every node in the binary tree provided, we'd get the following list for the post-order traversal:\n\n```\n[20, 53, 24, 49, 98, 23, 51, 67, 17]\n```","[20, 53, 24, 49, 98, 51, 23, 67, 17]",False,sans-serif,#fee4b3,1.0,831ef1df-170c-47b9-a4bd-babaa8d09bbd
1,1,1,binary_tree,Provide a single-line python list representing the pre-order traversal of the binary tree.,'Provide a single-line python list representing the pre-order traversal of the binary tree.',images/binary_tree/bit_run-1_gen-1_var-1_fmt-1_thk-10_clr-88d7fe_fnt-sansserif_idn-831ef1df-170c-47b9-a4bd-babaa8d09bbd.png,"The pre-order traversal of a binary tree means that you visit the root first, then recursively do a pre-order traversal of the left subtree, followed by a recursive pre-order traversal of the right subtree.\n\nGiven the binary tree in the image, the pre-order traversal would be: `[17, 98, 24, 20, 53, 49, 67, 51, 23]`.","[17, 98, 24, 20, 53, 49, 67, 51, 23]",True,sans-serif,#fee4b3,1.0,831ef1df-170c-47b9-a4bd-babaa8d09bbd
1,1,1,binary_tree,Provide a single-line python list representing the pre-order traversal of the binary tree.,'Provide a single-line python list representing the pre-order traversal of the binary tree.',images/binary_tree/bit_run-1_gen-1_var-1_fmt-1_thk-10_clr-88d7fe_fnt-sansserif_idn-831ef1df-170c-47b9-a4bd-babaa8d09bbd.png,"To represent a pre-order traversal of the binary tree shown in the image, we start at the root and recursively visit the left subtree and then the right subtree. Therefore, the list representing the pre-order traversal of the binary tree is:\n\n```python\n[17, 98, 24, 20, 53, 49, 67, 51, 23]\n```","[17, 98, 24, 20, 53, 49, 67, 51, 23]",True,sans-serif,#fee4b3,1.0,831ef1df-170c-47b9-a4bd-babaa8d09bbd
1,1,1,binary_tree,Provide a single-line python list representing the pre-order traversal of the binary tree.,'Provide a single-line python list representing the pre-order traversal of the binary tree.',images/binary_tree/bit_run-1_gen-1_var-1_fmt-1_thk-10_clr-88d7fe_fnt-sansserif_idn-831ef1df-170c-47b9-a4bd-babaa8d09bbd.png,"The pre-order traversal of a binary tree involves visiting the root node first, followed by the left subtree, and then the right subtree. According to the binary tree displayed in the image, the pre-order traversal would be:\n\n```python\n[17, 98, 24, 20, 53, 49, 67, 51, 23]\n```","[17, 98, 24, 20, 53, 49, 67, 51, 23]",True,sans-serif,#fee4b3,1.0,831ef1df-170c-47b9-a4bd-babaa8d09bbd
1,1,1,binary_tree,Provide a single-line python list representing the in-order traversal of the binary tree.,'Provide a single-line python list representing the in-order traversal of the binary tree.',images/binary_tree/bit_run-1_gen-1_var-1_fmt-1_thk-10_clr-88d7fe_fnt-sansserif_idn-831ef1df-170c-47b9-a4bd-babaa8d09bbd.png,"To represent an in-order traversal of the binary tree in a single-line Python list, you would visit the left branch, then the node, and then the right branch recursively. Following the structure of the given tree, the in-order traversal list would look like this:\n\n`[20, 24, 53, 98, 49, 17, 51, 67, 23]`","[20, 24, 53, 98, 49, 17, 51, 67, 23]",True,sans-serif,#fee4b3,1.0,831ef1df-170c-47b9-a4bd-babaa8d09bbd
1,1,1,binary_tree,Provide a single-line python list representing the in-order traversal of the binary tree.,'Provide a single-line python list representing the in-order traversal of the binary tree.',images/binary_tree/bit_run-1_gen-1_var-1_fmt-1_thk-10_clr-88d7fe_fnt-sansserif_idn-831ef1df-170c-47b9-a4bd-babaa8d09bbd.png,"An in-order traversal of a binary tree means visiting the left branch, then the node, and finally the right branch recursively for each node. Following this pattern for the binary tree you've provided, the resulting in-order traversal as a Python list would be:\n\n```python\n[20, 24, 53, 98, 49, 17, 51, 67, 23]\n```","[20, 24, 53, 98, 49, 17, 51, 67, 23]",True,sans-serif,#fee4b3,1.0,831ef1df-170c-47b9-a4bd-babaa8d09bbd
1,1,1,binary_tree,Provide a single-line python list representing the in-order traversal of the binary tree.,'Provide a single-line python list representing the in-order traversal of the binary tree.',images/binary_tree/bit_run-1_gen-1_var-1_fmt-1_thk-10_clr-88d7fe_fnt-sansserif_idn-831ef1df-170c-47b9-a4bd-babaa8d09bbd.png,"The in-order traversal of a binary tree involves visiting the left subtree, the root node, and then the right subtree. Applying this method to the binary tree presented, we would get the following list:\n\n[20, 24, 53, 98, 49, 17, 51, 67, 23]","[20, 24, 53, 98, 49, 17, 51, 67, 23]",True,sans-serif,#fee4b3,1.0,831ef1df-170c-47b9-a4bd-babaa8d09bbd
1,1,1,undirected_graph,Provide a single-line python dictionary representing the adjacency list of the undirected graph.,'Provide a single-line python dictionary representing the adjacency list of the undirected graph.',images/undirected_graph/ug_run-1_gen-1_var-1_fmt-1_thk-10_clr-88d7fe_fnt-sansserif_idn-e6ae78c6-cebe-4517-b1d1-548ba3bdadce.png,"The single-line Python dictionary representing the adjacency list for the undirected graph shown in the image would look like this:\n\n```python\ngraph = {1: [6, 4], 2: [4, 3], 3: [2, 4, 5], 4: [1, 2, 3], 5: [3, 6], 6: [1, 5]}\n```","{1: [2, 6, 4], 2: [1, 3, 4], 3: [2, 4, 5], 4: [3, 5, 2, 1], 5: [4, 6, 3], 6: [5, 1]}",False,sans-serif,#fee4b3,1.0,e6ae78c6-cebe-4517-b1d1-548ba3bdadce
1,1,1,undirected_graph,Provide a single-line python dictionary representing the adjacency list of the undirected graph.,'Provide a single-line python dictionary representing the adjacency list of the undirected graph.',images/undirected_graph/ug_run-1_gen-1_var-1_fmt-1_thk-10_clr-88d7fe_fnt-sansserif_idn-e6ae78c6-cebe-4517-b1d1-548ba3bdadce.png,"Here's a single-line Python dictionary representing the adjacency list of the given undirected graph:\n\n```python\nadjacency_list = {1: [6, 4], 2: [3, 4], 3: [2, 4, 5], 4: [1, 2, 3], 5: [3, 6], 6: [1, 5]}\n```","{1: [2, 6, 4], 2: [1, 3, 4], 3: [2, 4, 5], 4: [3, 5, 2, 1], 5: [4, 6, 3], 6: [5, 1]}",False,sans-serif,#fee4b3,1.0,e6ae78c6-cebe-4517-b1d1-548ba3bdadce
1,1,1,undirected_graph,Provide a single-line python dictionary representing the adjacency list of the undirected graph.,'Provide a single-line python dictionary representing the adjacency list of the undirected graph.',images/undirected_graph/ug_run-1_gen-1_var-1_fmt-1_thk-10_clr-88d7fe_fnt-sansserif_idn-e6ae78c6-cebe-4517-b1d1-548ba3bdadce.png,"Here's a Python dictionary representing the adjacency list of the undirected graph in the image:\n\n```python\nadjacency_list = {1: [6, 4], 2: [4, 3], 3: [2, 4, 5], 4: [1, 2, 3], 5: [3, 6], 6: [1, 5]}\n```","{1: [2, 6, 4], 2: [1, 3, 4], 3: [2, 4, 5], 4: [3, 5, 2, 1], 5: [4, 6, 3], 6: [5, 1]}",False,sans-serif,#fee4b3,1.0,e6ae78c6-cebe-4517-b1d1-548ba3bdadce
1,1,1,undirected_graph,Provide a single-line python list representing the depth-first search of the undirected graph starting from the vertex with the smallest value.,'Provide a single-line python list representing the depth-first search of the undirected graph starting from the vertex with the smallest value.',images/undirected_graph/ug_run-1_gen-1_var-1_fmt-1_thk-10_clr-88d7fe_fnt-sansserif_idn-e6ae78c6-cebe-4517-b1d1-548ba3bdadce.png,"To perform a depth-first search (DFS) on the undirected graph you provided and generate a list of visited nodes starting from the vertex with the smallest value, you can follow these steps:\n\n1. Begin from the smallest vertex (which is vertex 1 in the graph).\n2. Use a recursive approach or stack to visit connected vertices.\n3. Mark each vertex as visited when you come across it to avoid cycles.\n\nBefore coding, let's outline a possible DFS path:\n\nStarting at vertex 1:\n- Visit the smallest unvisited neighboring vertex (vertex 2).\n- From vertex 2, visit vertex 3.\n- From vertex 3, visit vertex 4.\n- Vertex 4 connects to vertex 5 and 1; 1 is already visited, so visit 5.\n- From vertex 5, the only unvisited neighbor is vertex 6.\n\nThe DFS path would be: 1 → 2 → 3 → 4 → 5 → 6\n\nHere's a Python representation of that using a list:\n\n```python\ndfs_path = [1, 2, 3, 4, 5, 6]\n```\n\nThis assumes we always choose the next vertex with the smallest value when multiple paths are available.","[1, 2, 3, 4, 5, 6]",True,sans-serif,#fee4b3,1.0,e6ae78c6-cebe-4517-b1d1-548ba3bdadce
1,1,1,undirected_graph,Provide a single-line python list representing the depth-first search of the undirected graph starting from the vertex with the smallest value.,'Provide a single-line python list representing the depth-first search of the undirected graph starting from the vertex with the smallest value.',images/undirected_graph/ug_run-1_gen-1_var-1_fmt-1_thk-10_clr-88d7fe_fnt-sansserif_idn-e6ae78c6-cebe-4517-b1d1-548ba3bdadce.png,"To represent a depth-first search (DFS) on the undirected graph starting from the vertex with the smallest value, you first need to define the graph structure and then perform the DFS traversal.\n\nHere's a simple Python code using a list to represent the DFS traversal starting from the vertex with the smallest value, which in this case is vertex 1:\n\n```python\n# Define the undirected graph as an adjacency list\ngraph = {\n    1: [6, 5, 2, 4],\n    2: [1, 3, 4],\n    3: [2, 4, 5],\n    4: [1, 2, 3, 6],\n    5: [1, 3, 6],\n    6: [1, 4, 5]\n}\n\n# Depth-First Search (DFS) recursive function\ndef dfs(graph, start, visited=None):\n    if visited is None:\n        visited = []\n    visited.append(start)\n    for neighbour in sorted(graph[start]):\n        if neighbour not in visited:\n            dfs(graph, neighbour, visited)\n    return visited\n\n# Perform DFS and print the result\ndfs_path = dfs(graph, 1)\nprint(dfs_path)\n```\n\nIf you run the above code, it produces a list that represents a DFS traversal of the graph. To comply with the request for a single-line list representation, simply run the `dfs` function and collect the results.\n\nAssuming the `dfs` function has been defined correctly and used as is, the output would look something like this:\n\n```python\n[1, 2, 3, 4, 6, 5]\n```\n\nPlease note that this list may vary since DFS can have different valid traversals depending on the order in which neighbors are visited. Above, I've used the `sorted` function to ensure we visit the neighbors in ascending order of their values.","[1, 2, 3, 4, 5, 6]",False,sans-serif,#fee4b3,1.0,e6ae78c6-cebe-4517-b1d1-548ba3bdadce
1,1,1,undirected_graph,Provide a single-line python list representing the depth-first search of the undirected graph starting from the vertex with the smallest value.,'Provide a single-line python list representing the depth-first search of the undirected graph starting from the vertex with the smallest value.',images/undirected_graph/ug_run-1_gen-1_var-1_fmt-1_thk-10_clr-88d7fe_fnt-sansserif_idn-e6ae78c6-cebe-4517-b1d1-548ba3bdadce.png,"To represent a depth-first search (DFS) of the provided undirected graph starting from the vertex with the smallest value, you can write a Python list by hardcoding the sequence that a DFS would take. Starting from the smallest vertex value, which is 1, and tracing a path through the graph, the sequence could look something like this (assuming you always visit the smallest numbered adjacent node first):\n\n```python\ndfs_order = [1, 2, 3, 4, 5, 6]\n```\n\nThis order assumes that when DFS is at a node, it goes to the adjacent node with the smallest value that hasn't been visited yet.","[1, 2, 3, 4, 5, 6]",True,sans-serif,#fee4b3,1.0,e6ae78c6-cebe-4517-b1d1-548ba3bdadce
1,1,1,undirected_graph,Provide a single-line python list representing the breadth-first search of the undirected graph starting from the vertex with the smallest value.,'Provide a single-line python list representing the breadth-first search of the undirected graph starting from the vertex with the smallest value.',images/undirected_graph/ug_run-1_gen-1_var-1_fmt-1_thk-10_clr-88d7fe_fnt-sansserif_idn-e6ae78c6-cebe-4517-b1d1-548ba3bdadce.png,"To perform a breadth-first search (BFS) on this graph starting from the smallest vertex, we consider the connections between the vertices. Following BFS principles, where vertices closest to the starting point are visited first, this is one possible BFS traversal list for the given graph starting from vertex 1:\n\n```python\n[1, 2, 4, 6, 3, 5]\n```\n\nNote that there could be other valid BFS lists if the order of visiting adjacent vertices is different.","[1, 2, 6, 4, 3, 5]",False,sans-serif,#fee4b3,1.0,e6ae78c6-cebe-4517-b1d1-548ba3bdadce
1,1,1,undirected_graph,Provide a single-line python list representing the breadth-first search of the undirected graph starting from the vertex with the smallest value.,'Provide a single-line python list representing the breadth-first search of the undirected graph starting from the vertex with the smallest value.',images/undirected_graph/ug_run-1_gen-1_var-1_fmt-1_thk-10_clr-88d7fe_fnt-sansserif_idn-e6ae78c6-cebe-4517-b1d1-548ba3bdadce.png,"To perform a breadth-first search (BFS) on the undirected graph shown in the image, you would typically use a queue to keep track of the nodes to visit. You start from the vertex with the smallest value, which in this case appears to be the vertex labeled '1'. \n\nBased on the edges visible in the image, a BFS traversal starting from vertex '1' could be as follows:\n\n```python\nbfs_order = [1, 2, 4, 6, 3, 5]\n```\n\nPlease note, the exact BFS traversal could differ if there are multiple edges from a node at the same level of breadth, since the order in that case is determined by the order in which the nodes are added to the queue. In general, this list represents one possible BFS traversal order.","[1, 2, 6, 4, 3, 5]",False,sans-serif,#fee4b3,1.0,e6ae78c6-cebe-4517-b1d1-548ba3bdadce
1,1,1,undirected_graph,Provide a single-line python list representing the breadth-first search of the undirected graph starting from the vertex with the smallest value.,'Provide a single-line python list representing the breadth-first search of the undirected graph starting from the vertex with the smallest value.',images/undirected_graph/ug_run-1_gen-1_var-1_fmt-1_thk-10_clr-88d7fe_fnt-sansserif_idn-e6ae78c6-cebe-4517-b1d1-548ba3bdadce.png,"To represent the breadth-first search (BFS) traversal of the graph from the vertex with the smallest value, I'll first assess the graph visually and provide the BFS order. Starting from the smallest vertex, which is ""1"", and traversing the graph in a breadth-first manner will give us a list like this:\n\n```python\nbfs_order = [1, 2, 4, 6, 3, 5]\n```\n\nSince the actual connections and branching logic cannot be seen, the above order assumes typical BFS behavior, exploring all of an individual vertex's neighbors before moving on to the next level of vertices. The above list is the BFS traversal order based on the visible connections of the graph and the starting point at vertex ""1"".","[1, 2, 6, 4, 3, 5]",False,sans-serif,#fee4b3,1.0,e6ae78c6-cebe-4517-b1d1-548ba3bdadce
1,1,1,directed_graph,Provide a single-line python dictionary representing the adjacency list of the directed graph.,'Provide a single-line python dictionary representing the adjacency list of the directed graph.',images/directed_graph/dg_run-1_gen-1_var-1_fmt-1_thk-10_clr-88d7fe_fnt-sansserif_idn-37d18e69-a589-4118-83da-4cd46686fe68.png,"The directed graph in the image can be represented by the following Python dictionary as an adjacency list:\n\n```python\nadjacency_list = {1: [], 2: [1], 3: [4], 4: [5], 5: [1, 2]}\n```","{1: [2], 2: [3], 3: [4], 4: [5, 3], 5: [1, 4]}",False,sans-serif,#fee4b3,1.0,37d18e69-a589-4118-83da-4cd46686fe68
1,1,1,directed_graph,Provide a single-line python dictionary representing the adjacency list of the directed graph.,'Provide a single-line python dictionary representing the adjacency list of the directed graph.',images/directed_graph/dg_run-1_gen-1_var-1_fmt-1_thk-10_clr-88d7fe_fnt-sansserif_idn-37d18e69-a589-4118-83da-4cd46686fe68.png,"The directed graph in the image can be represented by an adjacency list in a Python dictionary where each key represents a node, and the corresponding value is a list of nodes that the key node points to.\n\nHere's a single-line Python dictionary for the adjacency list of the given directed graph:\n\n```python\nadjacency_list = {1: [], 2: [1], 3: [4], 4: [5], 5: [2, 3]}\n```","{1: [2], 2: [3], 3: [4], 4: [5, 3], 5: [1, 4]}",False,sans-serif,#fee4b3,1.0,37d18e69-a589-4118-83da-4cd46686fe68
1,1,1,directed_graph,Provide a single-line python dictionary representing the adjacency list of the directed graph.,'Provide a single-line python dictionary representing the adjacency list of the directed graph.',images/directed_graph/dg_run-1_gen-1_var-1_fmt-1_thk-10_clr-88d7fe_fnt-sansserif_idn-37d18e69-a589-4118-83da-4cd46686fe68.png,"Here is a single-line Python dictionary that represents the adjacency list of the directed graph shown in the image:\n\n```python\nadjacency_list = {1: [], 2: [1], 3: [2, 4], 4: [5], 5: [1]}\n```","{1: [2], 2: [3], 3: [4], 4: [5, 3], 5: [1, 4]}",False,sans-serif,#fee4b3,1.0,37d18e69-a589-4118-83da-4cd46686fe68
1,1,1,directed_graph,Provide a single-line python list representing the depth-first search of the directed graph starting from the vertex with the smallest value.,'Provide a single-line python list representing the depth-first search of the directed graph starting from the vertex with the smallest value.',images/directed_graph/dg_run-1_gen-1_var-1_fmt-1_thk-10_clr-88d7fe_fnt-sansserif_idn-37d18e69-a589-4118-83da-4cd46686fe68.png,"To represent the depth-first search (DFS) of the directed graph starting from the vertex with the smallest value, which is vertex 1 based on the image provided, I'll assume that an adjacency list representation of the graph is being used. Here's how you can represent a DFS starting from vertex 1 in a single line in Python using list comprehension and a recursive function:\n\n```python\ndfs = lambda v, visited=set(): ([v] + [y for x in graph[v] if x not in visited for y in dfs(x, visited | {x})]) if v not in visited else []\n```\n\nTo use this `dfs` lambda function, you would need an adjacency list representation of your graph, which you might define as follows:\n\n```python\ngraph = {1: [5], 2: [1], 3: [4], 4: [5], 5: []}\n```\n\nThen you can call:\n\n```python\ndfs_path = dfs(1)\n```\n\nThis would output the DFS path starting from vertex 1. However, keep in mind that in a directed graph, not all nodes may be reachable from the starting vertex, so this would only represent the reachable subset. In this case, if we only start from vertex 1, the DFS traversal would include the vertices that are reachable from 1 following the directed edges. Based on the provided graph, the path would be `[1, 5]` since only vertices 1 and 5 are reachable in a DFS that starts at vertex 1.","[1, 2, 3, 4, 5]",False,sans-serif,#fee4b3,1.0,37d18e69-a589-4118-83da-4cd46686fe68
1,1,1,directed_graph,Provide a single-line python list representing the depth-first search of the directed graph starting from the vertex with the smallest value.,'Provide a single-line python list representing the depth-first search of the directed graph starting from the vertex with the smallest value.',images/directed_graph/dg_run-1_gen-1_var-1_fmt-1_thk-10_clr-88d7fe_fnt-sansserif_idn-37d18e69-a589-4118-83da-4cd46686fe68.png,"To perform a depth-first search (DFS) on the given directed graph starting from the vertex with the smallest value, we would first identify the starting vertex, which is vertex 1 in this case. Then we can perform the DFS.\n\nAssuming we're only considering the directed edges and not treating this as an undirected graph, the DFS traversal starting from vertex 1 would be:\n\n```python\ndfs_order = [1, 5, 4, 3, 2]\n```\n\nSince the graph has directional edges, after starting at 1, we follow the directed edge to vertex 5, then to vertex 4, then to vertex 3, and finally to vertex 2. There are no outgoing edges from vertices 2 and 3 in this directed graph that lead to unvisited nodes, which is why the traversal ends there.","[1, 2, 3, 4, 5]",False,sans-serif,#fee4b3,1.0,37d18e69-a589-4118-83da-4cd46686fe68
1,1,1,directed_graph,Provide a single-line python list representing the depth-first search of the directed graph starting from the vertex with the smallest value.,'Provide a single-line python list representing the depth-first search of the directed graph starting from the vertex with the smallest value.',images/directed_graph/dg_run-1_gen-1_var-1_fmt-1_thk-10_clr-88d7fe_fnt-sansserif_idn-37d18e69-a589-4118-83da-4cd46686fe68.png,"To represent the depth-first search (DFS) of the directed graph starting from the vertex with the smallest value, you must perform a DFS beginning with node 1, as it has the smallest value in the given graph. Based on the graph, the DFS traversal will be `[1, 5, 4, 3, 2]`.\n\nHere's the single-line representation in Python:\n\n```python\ndfs_order = [1, 5, 4, 3, 2]\n```\n\nThis is the order in which the nodes would be visited during a depth-first search starting from node 1, assuming that children are visited in numerical order.","[1, 2, 3, 4, 5]",False,sans-serif,#fee4b3,1.0,37d18e69-a589-4118-83da-4cd46686fe68
1,1,1,directed_graph,Provide a single-line python list representing the breadth-first search of the directed graph starting from the vertex with the smallest value.,'Provide a single-line python list representing the breadth-first search of the directed graph starting from the vertex with the smallest value.',images/directed_graph/dg_run-1_gen-1_var-1_fmt-1_thk-10_clr-88d7fe_fnt-sansserif_idn-37d18e69-a589-4118-83da-4cd46686fe68.png,"To represent the breadth-first search (BFS) of the graph depicted in the image, starting from the vertex with the smallest value, you'd want to use a queue-based approach to traverse the graph. For this graph, the BFS traversal starting from vertex 1 (the vertex with the smallest value) would be:\n\n`[1, 5, 4, 3, 2]`\n\nHere's how the traversal would proceed:\n\n1. Start at vertex 1.\n2. Visit vertex 1's neighbor which is 5.\n3. Visit vertex 5's neighbor which is 4.\n4. Visit vertex 4's neighbors which are 3 and then 2.\n\nThis list represents a breadth-first traversal order of the given graph starting from the vertex labeled '1'.","[1, 2, 3, 4, 5]",False,sans-serif,#fee4b3,1.0,37d18e69-a589-4118-83da-4cd46686fe68
1,1,1,directed_graph,Provide a single-line python list representing the breadth-first search of the directed graph starting from the vertex with the smallest value.,'Provide a single-line python list representing the breadth-first search of the directed graph starting from the vertex with the smallest value.',images/directed_graph/dg_run-1_gen-1_var-1_fmt-1_thk-10_clr-88d7fe_fnt-sansserif_idn-37d18e69-a589-4118-83da-4cd46686fe68.png,"To represent the breadth-first search (BFS) of the given directed graph starting from the vertex with the smallest value, we will begin with the smallest numbered node and explore all of its neighbors at the present depth level before moving on to nodes at the next depth level.\n\nLooking at the provided graph, we start with node 1, which is the vertex with the smallest value. From node 1 we move to node 5, its only neighbor. Then from node 5, we proceed to node 4, and finally, we would move to node 3 through node 4, since node 3 does not have any incoming edges from the other visited nodes and is only connected to node 4.\n\nThe BFS traversal for the graph would yield this list: [1, 5, 4, 3].\n\nIn typical Python code, you would use a data structure like a list or a queue to keep track of the nodes to visit, and a set to keep track of the visited nodes. However, due to your request for a single-line list representation, we're omitting these details.","[1, 2, 3, 4, 5]",False,sans-serif,#fee4b3,1.0,37d18e69-a589-4118-83da-4cd46686fe68
1,1,1,directed_graph,Provide a single-line python list representing the breadth-first search of the directed graph starting from the vertex with the smallest value.,'Provide a single-line python list representing the breadth-first search of the directed graph starting from the vertex with the smallest value.',images/directed_graph/dg_run-1_gen-1_var-1_fmt-1_thk-10_clr-88d7fe_fnt-sansserif_idn-37d18e69-a589-4118-83da-4cd46686fe68.png,"The directed graph you presented has 5 vertices: 1, 2, 3, 4, and 5. To represent a breadth-first search (BFS) starting from the vertex with the smallest value, we will begin from vertex 1, as it's the smallest.\n\nHere is a single-line Python list that represents the BFS order:\n\n```python\n[1, 5, 4, 3, 2]\n```\n\nThis BFS traversal starts at node 1, then visits node 5 (the only child of node 1), then node 4 (the only child of node 5), and subsequently node 3 and node 2 (children of node 4). Note that the traversal reflects the graph structure and the direction of the edges.","[1, 2, 3, 4, 5]",False,sans-serif,#fee4b3,1.0,37d18e69-a589-4118-83da-4cd46686fe68
